# Sentences written for the Urdu pack: Urdu<TAB>English. Standard Urdu, 4-9 tokens,
# pack words only; shipped as "src": "gen". Machine-written, not native-reviewed.
آج منگل کا دن ہے۔	Today is Tuesday.
منگل کو میرا امتحان ہے۔	I have an exam on Tuesday.
بدھ کو بازار بند ہوتا ہے۔	The market is closed on Wednesday.
ہم بدھ کو ملیں گے۔	We will meet on Wednesday.
جمعرات کو میں گھر پر ہوں گا۔	On Thursday I will be at home.
وہ جمعرات کو واپس آئے گی۔	She will come back on Thursday.
جمعہ کو اسکول جلدی بند ہوتا ہے۔	On Friday the school closes early.
کل جمعہ ہے۔	Tomorrow is Friday.
جنوری میں یہاں بہت سردی ہوتی ہے۔	It is very cold here in January.
میری بہن جنوری میں پیدا ہوئی۔	My sister was born in January.
فروری سال کا دوسرا مہینہ ہے۔	February is the second month of the year.
فروری میں ہم لاہور جائیں گے۔	We will go to Lahore in February.
مارچ میں موسم اچھا ہوتا ہے۔	The weather is nice in March.
ہمارا امتحان مارچ میں ہے۔	Our exam is in March.
اپریل میں پھول کھلتے ہیں۔	Flowers bloom in April.
اپریل میں گرمی شروع ہو جاتی ہے۔	The heat begins in April.
مئی میں بہت گرمی ہوتی ہے۔	It is very hot in May.
میں مئی میں چھٹی لوں گا۔	I will take a holiday in May.
جولائی میں بارش ہوتی ہے۔	It rains in July.
جولائی کا مہینہ بہت گرم ہے۔	The month of July is very hot.
اگست میں اسکول کھلتے ہیں۔	Schools open in August.
میری سالگرہ اگست میں ہے۔	My birthday is in August.
ستمبر میں موسم بدلتا ہے۔	The weather changes in September.
وہ ستمبر میں شادی کریں گے۔	They will get married in September.
اکتوبر میں ہوا ٹھنڈی ہو جاتی ہے۔	In October the wind becomes cool.
میرا بھائی اکتوبر میں آئے گا۔	My brother will come in October.
نومبر میں دن چھوٹے ہوتے ہیں۔	The days are short in November.
نومبر میں ہم نے نیا گھر لیا۔	We got a new house in November.
دسمبر سال کا آخری مہینہ ہے۔	December is the last month of the year.
دسمبر میں بہت ٹھنڈ ہوتی ہے۔	It is very cold in December.
یہ مہینہ بہت اچھا گزرا۔	This month went very well.
اگلے مہینے میری شادی ہے۔	My wedding is next month.
خزاں میں پتے گرتے ہیں۔	Leaves fall in autumn.
مجھے خزاں کا موسم پسند ہے۔	I like the autumn season.
برسات میں ہر طرف پانی ہوتا ہے۔	In the rainy season there is water everywhere.
برسات کا موسم آ گیا ہے۔	The rainy season has come.
صفر سے پہلے کوئی نمبر نہیں۔	There is no number before zero.
باہر درجہ حرارت صفر ہے۔	The temperature outside is zero.
میرے پاس چھ کتابیں ہیں۔	I have six books.
وہ صبح چھ بجے اٹھتا ہے۔	He gets up at six in the morning.
ہفتے میں سات دن ہوتے ہیں۔	There are seven days in a week.
کلاس سات بجے شروع ہوتی ہے۔	The class starts at seven o'clock.
میرا بیٹا نو سال کا ہے۔	My son is nine years old.
دکان نو بجے کھلتی ہے۔	The shop opens at nine o'clock.
ہماری ٹیم میں گیارہ کھلاڑی ہیں۔	There are eleven players in our team.
وہ گیارہ بجے سوتی ہے۔	She sleeps at eleven o'clock.
میری بیٹی تیرہ سال کی ہے۔	My daughter is thirteen years old.
کمرے میں تیرہ کرسیاں ہیں۔	There are thirteen chairs in the room.
اس کلاس میں چودہ بچے ہیں۔	There are fourteen children in this class.
چودہ دن بعد میں واپس آؤں گا۔	I will come back after fourteen days.
پندرہ منٹ میں کھانا تیار ہوگا۔	The food will be ready in fifteen minutes.
یہ کتاب پندرہ روپے کی ہے۔	This book costs fifteen rupees.
میرا بھائی سترہ سال کا ہے۔	My brother is seventeen years old.
سترہ لوگ بس میں تھے۔	Seventeen people were on the bus.
وہ اٹھارہ سال کی ہو گئی۔	She has turned eighteen.
اٹھارہ دن تک بارش ہوئی۔	It rained for eighteen days.
انیس طالب علم آج آئے۔	Nineteen students came today.
اس کی عمر انیس سال ہے۔	His age is nineteen years.
میرے والد چالیس سال کے ہیں۔	My father is forty years old.
بس میں چالیس سیٹیں ہیں۔	There are forty seats on the bus.
میں نے پچاس روپے دیے۔	I gave fifty rupees.
اس گاؤں میں پچاس گھر ہیں۔	There are fifty houses in this village.
ایک گھنٹے میں ساٹھ منٹ ہوتے ہیں۔	There are sixty minutes in an hour.
دادا جان ساٹھ سال کے ہیں۔	Grandfather is sixty years old.
اس کتاب میں ستر صفحے ہیں۔	This book has seventy pages.
ستر لوگ شادی میں آئے۔	Seventy people came to the wedding.
میری دادی اسی سال کی ہیں۔	My grandmother is eighty years old.
اس نے اسی روپے کا کھانا کھایا۔	He ate food worth eighty rupees.
امتحان میں مجھے نوے نمبر ملے۔	I got ninety marks in the exam.
نوے دن کے بعد وہ واپس آیا۔	He came back after ninety days.
اس کی گاڑی لال ہے۔	His car is red.
مجھے لال رنگ پسند ہے۔	I like the colour red.
اس نے سرخ کپڑے پہنے ہیں۔	She is wearing red clothes.
سرخ پھول بہت خوبصورت ہیں۔	The red flowers are very beautiful.
درختوں کے پتے سبز ہیں۔	The leaves of the trees are green.
اس کا دروازہ سبز ہے۔	His door is green.
آسمان نیلا ہے۔	The sky is blue.
میرے پاس نیلا قلم ہے۔	I have a blue pen.
یہ پیلا پھول کس کا ہے؟	Whose yellow flower is this?
کیلا پیلا ہوتا ہے۔	A banana is yellow.
اس کی آنکھیں بھوری ہیں۔	Her eyes are brown.
میرا کوٹ بھورا ہے۔	My coat is brown.
اس کا کمرہ گلابی ہے۔	Her room is pink.
بچی نے گلابی کپڑے پہنے۔	The girl wore pink clothes.
نارنجی رنگ مجھے اچھا لگتا ہے۔	I like the colour orange.
اس نے نارنجی قمیض خریدی۔	He bought an orange shirt.
ہاں، میں کل آؤں گا۔	Yes, I will come tomorrow.
ہاں، یہ میری کتاب ہے۔	Yes, this is my book.
اچھا، خدا حافظ۔	All right, goodbye.
خدا حافظ، کل ملیں گے۔	Goodbye, see you tomorrow.
السلام علیکم، آپ کیسے ہیں؟	Hello, how are you?
السلام علیکم، میرا نام علی ہے۔	Hello, my name is Ali.
آپ کا ہمارے گھر میں خوش آمدید۔	Welcome to our home.
خوش آمدید، اندر آئیے۔	Welcome, please come in.
آپ کہاں رہتے ہیں؟	Where do you live?
میری کتاب کہاں ہے؟	Where is my book?
آپ کب آئیں گے؟	When will you come?
ٹرین کب جائے گی؟	When will the train leave?
تم کیوں رو رہے ہو؟	Why are you crying?
وہ کیوں نہیں آیا؟	Why did he not come?
آپ کیسے ہیں؟	How are you?
یہ کام کیسے ہوگا؟	How will this work get done?
موسم کیسا ہے؟	How is the weather?
آپ کا نیا گھر کیسا ہے؟	How is your new house?
یہ کتنے کا ہے؟	How much is this?
آپ کے کتنے بچے ہیں؟	How many children do you have?
جب میں آیا تو وہ سو رہا تھا۔	When I came, he was sleeping.
جب بارش ہوتی ہے تو میں گھر رہتا ہوں۔	When it rains, I stay home.
پہلے کھانا کھاؤ، تب باہر جاؤ۔	Eat first, then go out.
تب مجھے سب کچھ سمجھ آیا۔	Then I understood everything.
مجھے اپنا گاؤں یاد آتا ہے۔	I miss my village.
مجھے اپنی ماں یاد آ رہی ہے۔	I am missing my mother.
جہاز صبح لاہور پہنچا۔	The plane reached Lahore in the morning.
ہم جہاز سے کراچی جائیں گے۔	We will go to Karachi by plane.
میرا بیٹا اسکول جاتا ہے۔	My son goes to school.
ان کا بیٹا ڈاکٹر ہے۔	Their son is a doctor.
میرے پاؤں میں درد ہے۔	I have pain in my foot.
اس نے پاؤں پانی میں رکھے۔	He put his feet in the water.
میرے کان میں درد ہے۔	I have an earache.
اس نے میرے کان میں کچھ کہا۔	He said something in my ear.
ہم بازار سے پھل لائے۔	We brought fruit from the market.
آج بازار میں بہت لوگ ہیں۔	There are a lot of people in the market today.
اس نے ایک اچھا گانا گایا۔	She sang a good song.
یہ گانا بہت پرانا ہے۔	This song is very old.
یہ کپڑا بہت نرم ہے۔	This cloth is very soft.
مجھے نیا کپڑا چاہیے۔	I need new cloth.
میرا جوتا پرانا ہو گیا ہے۔	My shoe has become old.
اس نے نئے جوتے خریدے۔	He bought new shoes.
ہمارا پڑوسی بہت اچھا ہے۔	Our neighbour is very nice.
پڑوسی کا بچہ بیمار ہے۔	The neighbour's child is ill.
وہ بازار میں پھل بیچتا ہے۔	He sells fruit in the market.
میں اپنی پرانی گاڑی بیچنا چاہتا ہوں۔	I want to sell my old car.
کھانے سے پہلے ہاتھ دھوؤ۔	Wash your hands before eating.
ماں کپڑے دھو رہی ہیں۔	Mother is washing clothes.
مجھے ٹھنڈا پانی چاہیے۔	I want cold water.
آج موسم ٹھنڈا ہے۔	The weather is cold today.
یہ قمیض بہت سستی ہے۔	This shirt is very cheap.
یہاں کھانا سستا ہے۔	The food is cheap here.
میرا اسکول گھر سے دور ہے۔	My school is far from home.
وہ بہت دور رہتا ہے۔	He lives very far away.
اسپتال یہاں سے قریب ہے۔	The hospital is near here.
میرا گھر اسٹیشن کے قریب ہے۔	My house is near the station.
یہ کمرہ بہت گندا ہے۔	This room is very dirty.
تمہارے ہاتھ گندے ہیں۔	Your hands are dirty.
وہ ایک جوان آدمی ہے۔	He is a young man.
میرے دادا اب جوان نہیں ہیں۔	My grandfather is no longer young.
میرے پاس صرف دس روپے ہیں۔	I have only ten rupees.
وہ صرف چائے پیتا ہے۔	He only drinks tea.
حکومت نے نیا قانون بنایا ہے۔	The government has made a new law.
حکومت نے اسکول کے لیے پیسے دیے۔	The government gave money for the school.
ہم خط کے ذریعے بات کرتے تھے۔	We used to talk by letter.
یہ پیسہ بینک کے ذریعے آیا۔	This money came through the bank.
وہ میرے خلاف کچھ نہیں کہتا۔	He says nothing against me.
یہ قانون کے خلاف ہے۔	This is against the law.
یہ جگہ بہت خوبصورت ہے۔	This place is very beautiful.
پولیس نے چور کو پکڑ لیا۔	The police caught the thief.
پولیس اسٹیشن یہاں سے دور ہے۔	The police station is far from here.
ہر بچے کو پڑھنے کا حق ہے۔	Every child has the right to study.
آپ کی بات حق ہے۔	What you say is right.
مجھے مزید وقت چاہیے۔	I need more time.
مزید معلومات کے لیے ہم سے ملیں۔	Meet us for more information.
ہر انسان کو عزت چاہیے۔	Every human needs respect.
وہ ایک اچھا انسان ہے۔	He is a good human being.
ہمارے اسکول کا نظام اچھا ہے۔	Our school's system is good.
اس ملک کا نظام بدل رہا ہے۔	The system of this country is changing.
یہ علاقہ بہت خاموش ہے۔	This area is very quiet.
ہمارے علاقے میں ایک بڑا پارک ہے۔	There is a big park in our area.
دیر سے آنے کی کیا وجہ ہے؟	What is the reason for coming late?
بارش کی وجہ سے ہم گھر رہے۔	Because of the rain we stayed home.
ماں کی محبت سب سے بڑی ہے۔	A mother's love is the greatest.
مجھے اپنے ملک سے محبت ہے۔	I love my country.
کام کا کون سا طریقہ بہتر ہے؟	Which way of working is better?
یہ کھانا پکانے کا آسان طریقہ ہے۔	This is an easy way to cook food.
میرا کام مکمل ہو گیا ہے۔	My work is complete.
یہ کتاب ابھی مکمل نہیں ہوئی۔	This book is not finished yet.
بارش ابھی تک جاری ہے۔	The rain is still going on.
کام جاری رکھو۔	Keep working.
اس نے امتحان میں اچھے نمبر حاصل کیے۔	She got good marks in the exam.
محنت سے سب کچھ حاصل ہوتا ہے۔	Everything is achieved through hard work.
ہر ملک کا اپنا قانون ہوتا ہے۔	Every country has its own law.
قانون سب کے لیے برابر ہے۔	The law is equal for everyone.
اس کا عمل اچھا ہے۔	His conduct is good.
یہ ایک خاص دن ہے۔	This is a special day.
آج کھانے میں کچھ خاص ہے۔	There is something special in the food today.
ہماری قوم محنتی ہے۔	Our nation is hardworking.
قوم کو اچھے اسکول چاہییں۔	The nation needs good schools.
آپ کے سفر کا مقصد کیا ہے؟	What is the purpose of your trip?
میری زندگی کا ایک مقصد ہے۔	My life has a purpose.
انہوں نے نیا اسکول قائم کیا۔	They set up a new school.
یہ دکان پچاس سال سے قائم ہے۔	This shop has existed for fifty years.
آج کی خبر اچھی نہیں ہے۔	Today's news is not good.
میں اس کا نام بھول گیا۔	I forgot his name.
اپنا بیگ مت بھولنا۔	Don't forget your bag.
یہاں بچے محفوظ ہیں۔	The children are safe here.
اپنا پیسہ محفوظ رکھو۔	Keep your money safe.
وہ نئے گھر میں منتقل ہو گئے۔	They moved into a new house.
دفتر دوسری جگہ منتقل ہو گیا۔	The office moved to another place.
میں پڑھ رہا تھا جبکہ وہ سو رہا تھا۔	I was studying while he was sleeping.
وہ کام کرتی ہے جبکہ اس کا بھائی پڑھتا ہے۔	She works while her brother studies.
اسکول کے صدر نے تقریر کی۔	The president of the school gave a speech.
ملک کا صدر آج شہر میں ہے۔	The country's president is in the city today.
بچے نے پہلا قدم اٹھایا۔	The child took the first step.
ایک قدم آگے آئیے۔	Please come one step forward.
دیگر لوگ باہر انتظار کر رہے ہیں۔	The other people are waiting outside.
ٹی وی پر میرا پسندیدہ پروگرام ہے۔	My favourite programme is on TV.
یہ پروگرام بچوں کے لیے ہے۔	This programme is for children.
وہ خاتون میری استاد ہیں۔	That lady is my teacher.
ایک خاتون دروازے پر کھڑی ہیں۔	A lady is standing at the door.
یہ گاؤں بہت پہلے آباد ہوا۔	This village was settled long ago.
عوام نے نئے صدر کو ووٹ دیا۔	The public voted for the new president.
مجھے سیاسی باتیں پسند نہیں۔	I don't like political talk.
یہ ایک سیاسی مسئلہ ہے۔	This is a political issue.
اس نے مجھے ایک خط بھیج دیا۔	He sent me a letter.
میں نے پیسے گھر بھیج دیے۔	I sent the money home.
مجھے ایک اور موقع دیں۔	Give me one more chance.
یہ ایک اچھا موقع ہے۔	This is a good opportunity.
انہوں نے اپنا گھر تبدیل کیا۔	They changed their house.
میں نے اپنا فون تبدیل کر لیا۔	I changed my phone.
یہ ریاست بہت بڑی ہے۔	This state is very large.
وہ کل عدالت جائیں گے۔	They will go to court tomorrow.
عدالت نے فیصلہ سنا دیا۔	The court announced its decision.
یہ استاد کا حکم ہے۔	This is the teacher's order.
ہمیں لوگوں کی خدمت کرنی چاہیے۔	We should serve people.
یہ ہسپتال لوگوں کی خدمت کرتا ہے۔	This hospital serves the people.
یہ بیگ اٹھاؤ۔	Pick up this bag.
اس نے بچے کو گود میں اٹھایا۔	She picked the child up in her arms.
وہ غریب نہیں بلکہ امیر ہے۔	He is not poor but rich.
یہ سستا نہیں بلکہ مہنگا ہے۔	This is not cheap but expensive.
وہ ایک عظیم شاعر تھے۔	He was a great poet.
جناب، آپ کا نام کیا ہے؟	Sir, what is your name?
جناب، یہ آپ کی چابی ہے۔	Sir, this is your key.
چند دن بعد وہ واپس آیا۔	A few days later he came back.
میرے پاس چند سوال ہیں۔	I have a few questions.
میرا بھائی ایک کمپنی میں کام کرتا ہے۔	My brother works in a company.
یہ کمپنی بہت بڑی ہے۔	This company is very big.
اس کے ہاتھ سے خون نکلا۔	Blood came from his hand.
اسے فوجی کی نوکری ملی۔	He got a job as a soldier.
یہ فیصلہ آپ کے اختیار میں ہے۔	This decision is in your hands.
پرندہ اب آزاد ہے۔	The bird is free now.
پاکستان چودہ اگست کو آزاد ہوا۔	Pakistan became independent on the fourteenth of August.
یہ عالمی مسئلہ ہے۔	This is a global problem.
میں نے نوکری کے لیے درخواست دی۔	I applied for a job.
اسکول نے چھٹی کا اعلان کیا۔	The school announced a holiday.
ہمیں امن چاہیے۔	We want peace.
گاؤں میں امن اور سکون ہے۔	There is peace and quiet in the village.
یعنی آپ کل نہیں آئیں گے؟	That means you won't come tomorrow?
ویسے آپ کہاں رہتے ہیں؟	By the way, where do you live?
ویسے یہ کام آسان ہے۔	Actually, this work is easy.
اس میں بہت طاقت ہے۔	He has a lot of strength.
علم ایک بڑی طاقت ہے۔	Knowledge is a great power.
اس صورت میں ہم کل چلیں گے۔	In that case we will go tomorrow.
اسکول کی تعمیر جاری ہے۔	Construction of the school is under way.
مجھے آپ پر پورا اعتماد ہے۔	I have full trust in you.
وہ اچھے ڈاکٹروں میں شمار ہوتا ہے۔	He is counted among the good doctors.
بات بالکل واضح ہے۔	The matter is completely clear.
اس کا جواب واضح نہیں تھا۔	His answer was not clear.
یہ کام میری ذمہ داری ہے۔	This work is my responsibility.
بچے اسکول کے قانون کے تحت ہیں۔	The children are under the school's rules.
اس کے چہرے سے خوشی ظاہر تھی۔	Happiness showed on her face.
اس نے اپنی ناراضگی ظاہر کی۔	He showed his displeasure.
وہ سیاست میں دلچسپی رکھتا ہے۔	He is interested in politics.
دو سال قبل میں لاہور گیا۔	Two years ago I went to Lahore.
کھانے سے قبل ہاتھ دھوئیں۔	Wash your hands before eating.
شہر کا مرکزی بازار بند ہے۔	The city's main market is closed.
آپ کا جواب درست ہے۔	Your answer is correct.
گھڑی درست وقت نہیں بتاتی۔	The clock does not show the right time.
ہر انسان آزادی چاہتا ہے۔	Every human wants freedom.
میں بھی آپ کے ساتھ شامل ہونا چاہتا ہوں۔	I also want to join you.
وہ ہماری ٹیم میں شامل ہو گیا۔	He joined our team.
فکر نہ کرو، سب ٹھیک ہوگا۔	Don't worry, everything will be fine.
ماں کو بچوں کی فکر ہے۔	Mother is worried about the children.
آپ سے مل کر بہت خوشی ہوئی۔	I am very happy to meet you.
یہ نوجوان بہت محنتی ہے۔	This young man is very hardworking.
نوجوان لوگ کھیل پسند کرتے ہیں۔	Young people like sports.
وہ میرا دشمن نہیں ہے۔	He is not my enemy.
ٹیم کی قیادت اچھی ہے۔	The team's leadership is good.
بچوں کی حفاظت ضروری ہے۔	The safety of children is important.
اس نے ساری چائے پی لی۔	He drank up all the tea.
ہمیں انصاف چاہیے۔	We want justice.
یہ جگہ ایک تاریخی مقام ہے۔	This place is a historic site.
بارش ہو رہی ہے، لہذا ہم گھر رہیں گے۔	It is raining, so we will stay home.
پل تباہ ہو گیا۔	The bridge was destroyed.
سڑک کی دوسری طرف ایک دکان ہے۔	There is a shop on the other side of the road.
میرے پاس آپ کے لیے ایک پیغام ہے۔	I have a message for you.
بادشاہ ایک بڑے محل میں رہتا تھا۔	The king lived in a big palace.
پرانے زمانے میں یہاں ایک بادشاہ تھا۔	In old times there was a king here.
کلاس کا آغاز صبح ہوتا ہے۔	Class begins in the morning.
کلاس میں بچوں کی تعداد تیس ہے۔	The number of children in the class is thirty.
اصل بات یہ ہے کہ میں تھکا ہوا ہوں۔	The real thing is that I am tired.
وہ دریا کی جانب چلا گیا۔	He went towards the river.
اس نے اپنی کتاب کا حوالہ دیا۔	He referred to his book.
اپنے جوتے اتارو۔	Take off your shoes.
بس سے اترو۔	Get off the bus.
وہ امتحان میں کامیاب ہو گیا۔	He passed the exam.
ہمیں کامیاب ہونے کے لیے محنت کرنی ہے۔	We have to work hard to succeed.
ہمارا منصوبہ کیا ہے؟	What is our plan?
اس نے نیا منصوبہ بنایا۔	He made a new plan.
میں نے ایک نیا گروپ بنایا۔	I made a new group.
ہمارے گروپ میں پانچ لوگ ہیں۔	There are five people in our group.
میں نے تھوڑی سی اردو سیکھ لی ہے۔	I have learned a little Urdu.
بعض لوگ چائے نہیں پیتے۔	Some people don't drink tea.
بعض اوقات مجھے دیر ہو جاتی ہے۔	Sometimes I get late.
استاد کی بات پر توجہ دو۔	Pay attention to what the teacher says.
حکومت نے پانی فراہم کیا۔	The government provided water.
اپنا کمرہ صاف کرو۔	Clean your room.
میں نے گاڑی صاف کی۔	I cleaned the car.
یہ ریکارڈ بہت پرانا ہے۔	This record is very old.
اس نے دوڑ کا نیا ریکارڈ بنایا۔	He set a new running record.
ہر چیز کی ایک حد ہوتی ہے۔	Everything has a limit.
یہ ایک حقیقی کہانی ہے۔	This is a true story.
اس نے ہمیں صحیح راہ دکھائی۔	He showed us the right path.
استاد نے رپورٹ پڑھی۔	The teacher read the report.
مجھے کل تک رپورٹ دیں۔	Give me the report by tomorrow.
میں تعلیم کے لیے لاہور آیا۔	I came to Lahore for education.
بارش سے فصل کو نقصان ہوا۔	The rain damaged the crop.
زیادہ چینی صحت کے لیے نقصان دہ ہے۔	Too much sugar is harmful to health.
مجھے فوری مدد چاہیے۔	I need immediate help.
ارے، تم یہاں کیا کر رہے ہو؟	Hey, what are you doing here?
ارے، میرا فون کہاں ہے؟	Oh, where is my phone?
دیر سے آنے کی سزا ملی۔	He was punished for coming late.
اس پر چوری کا الزام ہے۔	He is accused of theft.
شہری علاقوں میں بہت ٹریفک ہوتی ہے۔	There is a lot of traffic in urban areas.
ہر شہری کے کچھ حق ہوتے ہیں۔	Every citizen has some rights.
اس نے اپنا چہرہ چھپایا۔	She hid her face.
بچہ دروازے کے پیچھے چھپ گیا۔	The child hid behind the door.
یہ ایک سماجی مسئلہ ہے۔	This is a social problem.
گزشتہ سال بہت بارش ہوئی۔	It rained a lot last year.
وہ میرا کلاس کا ساتھی ہے۔	He is my classmate.
پولیس نے چور کو گرفتار کر لیا۔	The police arrested the thief.
اگرچہ وہ بیمار تھا، وہ کام پر گیا۔	Although he was ill, he went to work.
اگرچہ بارش تھی، ہم باہر گئے۔	Although it was raining, we went out.
آج کل حالات اچھے نہیں ہیں۔	Conditions are not good these days.
اگلے سال انتخابات ہوں گے۔	There will be elections next year.
شہر میں بہت تبدیلی آئی ہے۔	A lot of change has come to the city.
ہمیں جسم کو صاف رکھنا چاہیے۔	We should keep the body clean.
مجھے پاکستانی کھانا پسند ہے۔	I like Pakistani food.
وہ پاکستانی ہے۔	He is Pakistani.
کام مشکل تھا، تاہم ہم نے ختم کر لیا۔	The work was hard; however, we finished it.
پانی کی سطح بڑھ رہی ہے۔	The water level is rising.
شہر میں دس لاکھ لوگ رہتے ہیں۔	A million people live in the city.
یہ گھر پچاس لاکھ کا ہے۔	This house costs five million.
وہ تیسری منزل پر رہتا ہے۔	He lives on the third floor.
یہ میرا تیسرا سفر ہے۔	This is my third trip.
ہمارے استاد بہت سخت ہیں۔	Our teacher is very strict.
یہ روٹی سخت ہو گئی ہے۔	This bread has become hard.
اچھی تعلیم زندگی کی بنیاد ہے۔	Good education is the foundation of life.
میں فون کا زیادہ استعمال نہیں کرتا۔	I don't use the phone much.
یہ ایک خفیہ بات ہے۔	This is a secret.
میں نے ایک مزے دار ویڈیو دیکھی۔	I watched a funny video.
اس نے اپنے بیٹے کی ویڈیو بنائی۔	He made a video of his son.
یہ ایک عوامی پارک ہے۔	This is a public park.
دیوار پر ایک تصویر ہے۔	There is a picture on the wall.
بچوں نے دیوار پر لکھا۔	The children wrote on the wall.
چاقو سے سیب کاٹو۔	Cut the apple with a knife.
چوری ایک جرم ہے۔	Theft is a crime.
وہ دوسری بار بھی ناکام ہو گیا۔	He failed the second time too.
ہم نے پھل، سبزی وغیرہ خریدی۔	We bought fruit, vegetables and so on.
یہ سفر بہت طویل تھا۔	This journey was very long.
وہ ایک سرکاری دفتر میں کام کرتا ہے۔	He works in a government office.
بارش کا سلسلہ تین دن جاری رہا۔	The rain continued for three days.
دونوں ملکوں نے معاہدہ کیا۔	The two countries made an agreement.
ہماری ٹیم کو فتح ملی۔	Our team won.
ملک نے بہت ترقی کی ہے۔	The country has made a lot of progress.
وہ جنگل میں شکار کرنے گیا۔	He went hunting in the forest.
اس کہانی کا ہر کردار دلچسپ ہے۔	Every character in this story is interesting.
اس نے گہری سانس لی۔	He took a deep breath.
بچوں کا مستقبل روشن ہے۔	The children's future is bright.
مستقبل میں کیا ہوگا؟	What will happen in the future?
پانی بنیادی ضرورت ہے۔	Water is a basic need.
مجھے اندھیرے سے خوف آتا ہے۔	I am afraid of the dark.
اس بات کا کوئی ثبوت نہیں ہے۔	There is no proof of this.
یہ انتہائی ضروری کام ہے۔	This is an extremely important task.
یہ دیوار بہت مضبوط ہے۔	This wall is very strong.
میں آپ کو گھر پہنچا دوں گا۔	I will take you home.
میں پانچویں جماعت میں پڑھتا ہوں۔	I study in fifth grade.
جنگل میں بہت درخت ہیں۔	There are many trees in the forest.
استاد نے کتابیں تقسیم کیں۔	The teacher handed out the books.
صدر کا دورہ کل ہوگا۔	The president's visit will be tomorrow.
ہماری ٹیم کو شکست ہوئی۔	Our team was defeated.
اس کی شخصیت بہت اچھی ہے۔	He has a very nice personality.
یار، کل ملتے ہیں۔	See you tomorrow, buddy.
مجھے آپ کی مدد کی ضرورت ہے۔	I need your help.
میری خواہش ہے کہ میں ڈاکٹر بنوں۔	My wish is to become a doctor.
اس نے اپنی غلطی تسلیم کی۔	He admitted his mistake.
اس کا چہرہ بہت خوبصورت ہے۔	Her face is very beautiful.
مجھے اپنی کھوئی ہوئی چابی مل گئی۔	I found my lost key.
قیمتوں میں اضافہ ہوا ہے۔	Prices have increased.
یہ میری ذاتی رائے ہے۔	This is my personal opinion.
وہ فلم کا ہیرو ہے۔	He is the hero of the film.
یہ ایک معمولی بات ہے۔	This is a minor matter.
ہمیں ایک مشکل کا سامنا ہے۔	We are facing a difficulty.
بچے میدان میں کھیل رہے ہیں۔	The children are playing on the field.
وہ کمپیوٹر کا ماہر ہے۔	He is a computer expert.
سامان کی فہرست بناؤ۔	Make a list of the things.
یہ کیس بہت مشکل ہے۔	This case is very difficult.
بلی کمرے سے نکل گئی۔	The cat got out of the room.
راستے سے ہٹ جاؤ۔	Get out of the way.
کلاس کے دیگر بچے باہر کھیل رہے ہیں۔	The other children of the class are playing outside.
یہ ایک عظیم کام ہے۔	This is a great deed.
مجھے بازار میں اپنا پرانا دوست مل گیا۔	I ran into my old friend in the market.
کل ایک نئی کتاب کا اعلان ہوگا۔	A new book will be announced tomorrow.
بچوں کی ذمہ داری والدین پر ہے۔	The responsibility for children lies with the parents.
یہ کام نئے قانون کے تحت ہوا۔	This work was done under the new law.
شہر کا مرکزی دفتر یہاں ہے۔	The city's central office is here.
کسی کو اپنا دشمن مت بناؤ۔	Don't make anyone your enemy.
میں نے یہ کام جلدی سیکھ لیا۔	I learned this work quickly.
اس کی قیادت میں ٹیم جیت گئی۔	The team won under his leadership.
پولیس ہماری حفاظت کرتی ہے۔	The police protect us.
یہ گاؤں ایک خوبصورت مقام پر ہے۔	This village is in a beautiful spot.
میں تھکا ہوا ہوں، لہذا میں سو رہا ہوں۔	I am tired, so I am sleeping.
طوفان سے گاؤں تباہ ہو گیا۔	The village was destroyed by the storm.
یہاں لوگوں کی تعداد بہت زیادہ ہے۔	The number of people here is very large.
دیوار سے تصویر اتارو۔	Take the picture down from the wall.
یہ کتاب ایک اچھا حوالہ ہے۔	This book is a good reference.
میرا گھر اس طرف ہے۔	My house is this way.
براہ کرم میری بات پر توجہ دیں۔	Please pay attention to what I say.
اسکول بچوں کو کتابیں فراہم کرتا ہے۔	The school provides books to the children.
میری برداشت کی بھی ایک حد ہے۔	My patience also has a limit.
یہ راہ سیدھی شہر جاتی ہے۔	This path goes straight to the city.
یہ اس کی حقیقی کہانی نہیں ہے۔	This is not his real story.
اسے فوری طور پر ہسپتال لے جاؤ۔	Take him to the hospital immediately.
یہ ایک سماجی کام ہے۔	This is social work.
گزشتہ ہفتے میں بیمار تھا۔	I was ill last week.
میرا ساتھی آج نہیں آیا۔	My colleague did not come today.
ملک کے حالات بدل رہے ہیں۔	The country's situation is changing.
چور کل گرفتار ہوا۔	The thief was arrested yesterday.
وہ امیر ہے، تاہم وہ خوش نہیں۔	He is rich; however, he is not happy.
سمندر کی سطح بہت نیلی ہے۔	The surface of the sea is very blue.
شہر کے نوجوان کرکٹ کھیلتے ہیں۔	The young people of the city play cricket.
متحدہ عرب امارات ایک امیر ملک ہے۔	The United Arab Emirates is a rich country.
یہ ایک انسانی مسئلہ ہے۔	This is a human problem.
اس گھر کی بنیاد مضبوط ہے۔	This house has a strong foundation.
اس نے اپنا خفیہ منصوبہ بتایا۔	He told his secret plan.
یہ ایک عوامی ہسپتال ہے۔	This is a public hospital.
ناکام ہونے سے مت ڈرو۔	Don't be afraid of failing.
یہ کہانی کا پہلا سلسلہ ہے۔	This is the first part of the story.
میں ایک سرکاری اسکول میں پڑھتا ہوں۔	I study in a government school.
یہ ہماری بڑی فتح ہے۔	This is our great victory.
اس کا کردار بہت اچھا ہے۔	He has a very good character.
یہ ایک پرانا معاہدہ ہے۔	This is an old agreement.
یہ ایک بنیادی سوال ہے۔	This is a basic question.
اس کے دل میں کوئی خوف نہیں۔	There is no fear in his heart.
دوستی کا رشتہ مضبوط ہونا چاہیے۔	The bond of friendship should be strong.
یہ پیغام اس تک پہنچا دو۔	Deliver this message to him.
ہماری جماعت میں تیس بچے ہیں۔	There are thirty children in our class.
اس چیز کا استعمال آسان ہے۔	This thing is easy to use.
اس کی شخصیت مضبوط ہے۔	He has a strong personality.
اس کی بڑی خواہش پوری ہو گئی۔	His great wish came true.
میرا بیٹا میرا ہیرو ہے۔	My son is my hero.
میں نے اپنا نمبر تبدیل کر دیا۔	I changed my number.
آبادی میں اضافہ ہو رہا ہے۔	The population is increasing.
یہ میرا ذاتی کمرہ ہے۔	This is my personal room.
ہمیں ہر مشکل کا سامنا کرنا ہے۔	We have to face every difficulty.
وہ کھانا پکانے میں ماہر ہے۔	She is an expert at cooking.
عدالت نے فیصلہ کیا کہ یہ قانونی ہے۔	The court decided that this is legal.
یہ کام قانونی طور پر ٹھیک ہے۔	This work is legally fine.
میں نے اس بات پر غور کیا۔	I thought about this matter.
بچوں کی تربیت ماں باپ کا کام ہے۔	Raising children is the parents' job.
اس نے بارش میں ایک درخت کے نیچے پناہ لی۔	He took shelter under a tree in the rain.
میں کل ووٹ دوں گا۔	I will vote tomorrow.
مجھے اپنے وطن کی یاد آتی ہے۔	I miss my homeland.
مریض کی حالت اب بہتر ہے۔	The patient's condition is better now.
مجھے ایک مثال دیں۔	Give me an example.
یہ ایک اچھی مثال ہے۔	This is a good example.
وہ کامیاب ہونا چاہتا ہے۔	He wants to succeed.
مجھے باہر جانے کی اجازت دیں۔	Give me permission to go out.
استاد نے ہمیں گھر جانے کی اجازت دی۔	The teacher allowed us to go home.
پانی کی کمی ایک بڑا مسئلہ ہے۔	Shortage of water is a big problem.
مجھے پیسوں کی کمی ہے۔	I am short of money.
وزیر نے اسکول کا دورہ کیا۔	The minister visited the school.
پنجاب ایک بڑا صوبہ ہے۔	Punjab is a big province.
اس صوبے میں بہت پہاڑ ہیں۔	There are many mountains in this province.
کہانی کا انجام اچھا تھا۔	The story's ending was good.
بچوں کی لڑائی ختم ہو گئی۔	The children's fight ended.
ہم نے کھیل میں حصہ لیا۔	We took part in the game.
میں بھی مقابلے میں حصہ لوں گا۔	I will also take part in the competition.
پولیس نے اس کی شناخت کر لی۔	The police identified him.
اس کے پاس اپنی شناخت کا کارڈ نہیں تھا۔	He did not have his identity card.
وہ ہمارے اسکول کا نیا استاد مقرر ہوا۔	He was appointed as our school's new teacher.
اس نے بہت بڑی رقم خرچ کی۔	He spent a very large sum.
سب نے اس کے کام کی تعریف کی۔	Everyone praised his work.
آپ کا کھانا تعریف کے قابل ہے۔	Your food deserves praise.
وہ میرا واحد دوست ہے۔	He is my only friend.
یہ واحد راستہ ہے۔	This is the only way.
مجھے معاف کر دو۔	Forgive me.
اسے میز سے ہٹا دو۔	Remove it from the table.
یہ کرسی یہاں سے ہٹاؤ۔	Move this chair from here.
اس نے مجھے دھوکہ دیا۔	He deceived me.
ہماری پرواز صبح دس بجے ہے۔	Our flight is at ten in the morning.
پرواز دو گھنٹے دیر سے ہے۔	The flight is two hours late.
خواہ کچھ بھی ہو، میں آؤں گا۔	Whatever happens, I will come.
اس کا وجود ہمارے لیے اہم ہے۔	His existence is important to us.
صحافی نے صدر سے سوال پوچھا۔	The journalist asked the president a question.
وہ ایک اخبار میں صحافی ہے۔	She is a journalist at a newspaper.
چونکہ بارش ہو رہی تھی، ہم نہیں گئے۔	Since it was raining, we did not go.
چونکہ وہ بیمار ہے، وہ نہیں آئے گا۔	Since he is ill, he will not come.
یہ روڈ بہت چوڑی ہے۔	This road is very wide.
وہ ایک غیر ملکی ہے۔	He is a foreigner.
یہ سروس بہت اچھی ہے۔	This service is very good.
ہوٹل کی سروس خراب تھی۔	The hotel's service was bad.
میرا کمرہ الگ ہے۔	My room is separate.
ہر بچے کو الگ کتاب دو۔	Give each child a separate book.
مجھے اپنا کارڈ دکھائیں۔	Show me your card.
میں نے اسے سالگرہ کا کارڈ بھیجا۔	I sent her a birthday card.
ہر ملک کو اپنے دفاع کا حق ہے۔	Every country has the right to defend itself.
یہ عمارت بہت بلند ہے۔	This building is very tall.
اس نے بلند آواز میں پڑھا۔	He read in a loud voice.
وہ اس کام کے اہل ہیں۔	They are qualified for this work.
ماضی کو بھول جاؤ۔	Forget the past.
ماں باپ کی خدمت ہمارا فرض ہے۔	Serving our parents is our duty.
کمیٹی نے نیا فیصلہ کیا۔	The committee made a new decision.
یہ ایک مشکل عدد ہے۔	This is a difficult number.
اسے کلاس کا صدر منتخب کیا گیا۔	He was elected class president.
بارش کے باوجود ہم باہر گئے۔	Despite the rain, we went out.
اس نے میرے کام کی نقل کی۔	He copied my work.
کانفرنس کل شروع ہوگی۔	The conference will begin tomorrow.
وہ بیماری کے بعد کمزور ہو گیا۔	He became weak after the illness.
میری آنکھیں کمزور ہیں۔	My eyes are weak.
اس نے عدالت میں گواہ کے طور پر بات کی۔	He spoke in court as a witness.
صورتحال اب بہتر ہے۔	The situation is better now.
گھر کے سامنے ایک درخت ہے۔	There is a tree in front of the house.
وہ میرے سامنے بیٹھا تھا۔	He was sitting in front of me.
ڈاکٹر نے اس کا آپریشن کیا۔	The doctor operated on him.
گائے دودھ دیتی ہے۔	The cow gives milk.
کسان کے پاس دو گائیں ہیں۔	The farmer has two cows.
یہ ایک بڑی تنظیم ہے۔	This is a big organisation.
آج بجلی نہیں ہے۔	There is no electricity today.
بجلی کا بل بہت زیادہ ہے۔	The electricity bill is very high.
اس نے خط پر دستخط کیے۔	He signed the letter.
بچے کی حرکت دیکھو۔	Look at what the child is doing.
اس کی کتاب شائع ہو گئی۔	His book has been published.
یہ اخبار روز شائع ہوتا ہے۔	This newspaper is published daily.
یہ ہمارے سابق استاد ہیں۔	This is our former teacher.
مجھے سر میں تکلیف ہے۔	I have pain in my head.
آپ کو تکلیف دینے کے لیے معاف کیجیے۔	Sorry for troubling you.
اس نے میرا کہا نہیں مانا۔	He did not do what I said.
اس سال انتخاب میں کون جیتا؟	Who won the election this year?
کیا جادو ہے!	What magic!
بچوں کو جادو کی کہانیاں پسند ہیں۔	Children like magic stories.
محترم استاد، آپ کا شکریہ۔	Respected teacher, thank you.
آپ کے فون کی اطلاع مل گئی۔	I got notice of your call.
مجھے وقت پر اطلاع دیں۔	Inform me in time.
کہانی میں ایک شہزادہ تھا۔	There was a prince in the story.
ہماری ٹیم کا کپتان بہت اچھا ہے۔	Our team's captain is very good.
وہ کرکٹ ٹیم کا کپتان ہے۔	He is the captain of the cricket team.
میں اس سے کئی مرتبہ ملا ہوں۔	I have met him many times.
قیمتیں مت بڑھاؤ۔	Don't raise prices.
مجھے ایک نیا موبائل چاہیے۔	I need a new mobile.
میرا موبائل گم ہو گیا۔	My mobile phone is lost.
وہ سیڑھی سے اترا۔	He came down the ladder.
اس کا نشانہ بہت اچھا ہے۔	His aim is very good.
یہ ایک سرکاری ایجنسی ہے۔	This is a government agency.
وہ بہت بہادر لڑکی ہے۔	She is a very brave girl.
ڈاکٹر نے اس کا علاج کیا۔	The doctor treated him.
اس بیماری کا علاج ممکن ہے۔	This illness can be cured.
شادی کا انتظام مکمل ہے۔	The wedding arrangements are complete.
کھانے کا انتظام میں کروں گا۔	I will arrange the food.
آدھی روٹی کھاؤ، نصف رکھو۔	Eat half the bread, keep half.
ہمت نہ ہارو۔	Don't lose courage.
اس میں بات کرنے کی ہمت نہیں۔	He does not have the courage to speak.
پولیس نے مجرم کو پکڑ لیا۔	The police caught the criminal.
جلدی کرو، ورنہ دیر ہو جائے گی۔	Hurry up, otherwise it will get late.
کوٹ پہن لو، ورنہ سردی لگے گی۔	Put on a coat, otherwise you will feel cold.
ہر معاشرہ اپنے اصول رکھتا ہے۔	Every society has its own rules.
تشدد کسی مسئلے کا حل نہیں۔	Violence is not the solution to any problem.
آج ایک خصوصی پروگرام ہے۔	There is a special programme today.
انسانیت سب سے بڑا مذہب ہے۔	Humanity is the greatest religion.
اپنا نام یہاں درج کریں۔	Enter your name here.
میں یہیں انتظار کروں گا۔	I will wait right here.
تم یہیں رہو۔	You stay right here.
اس بیماری پر تحقیق جاری ہے۔	Research on this disease is going on.
میری جیت یقینی ہے۔	My victory is certain.
پروگرام کے اختتام پر سب نے کھانا کھایا۔	Everyone ate at the end of the programme.
مجھے آپ سے یہ توقع نہیں تھی۔	I did not expect this from you.
استاد کی ہدایت پر عمل کرو۔	Follow the teacher's instructions.
بخار بیماری کی علامت ہے۔	Fever is a sign of illness.
بائیں ہاتھ پر مڑو۔	Turn to the left.
میرا گھر بائیں طرف ہے۔	My house is on the left side.
یہ شہر دریا کے کنارے واقع ہے۔	This city is situated on the bank of the river.
ہم سب گھر والوں سمیت آئے۔	We all came along with the family.
مقامی لوگ بہت مہمان نواز ہیں۔	The local people are very hospitable.
مقامی بازار میں سب کچھ ملتا ہے۔	You get everything in the local market.
میری ایک شرط ہے۔	I have one condition.
پہاڑ کا منظر بہت خوبصورت ہے۔	The view of the mountain is very beautiful.
سورج مشرقی جانب سے نکلتا ہے۔	The sun rises from the east.
شمالی علاقوں میں بہت برف ہے۔	There is a lot of snow in the northern areas.
کسی پر ظلم مت کرو۔	Don't oppress anyone.
یہ کام کتنی مدت میں ہوگا؟	How long will this work take?
مجھے کسی کی پرواہ نہیں۔	I don't care about anyone.
موجودہ حالات میں یہ مشکل ہے۔	This is difficult in the present situation.
مہمانوں کی آمد شام کو ہوگی۔	The guests will arrive in the evening.
کیا واقعی؟	Really?
وہ واقعی بہت اچھا آدمی ہے۔	He really is a very good man.
کاغذ مت جلاؤ۔	Don't burn the paper.
سردی میں ہم آگ جلاتے ہیں۔	In winter we light a fire.
بچے دائرے میں بیٹھ گئے۔	The children sat in a circle.
اس میں کام کرنے کی صلاحیت ہے۔	He has the ability to work.
امن برقرار رکھنا ضروری ہے۔	Maintaining peace is important.
یہ کام ناممکن نہیں ہے۔	This task is not impossible.
کچھ بھی ناممکن نہیں۔	Nothing is impossible.
موقع سے فائدہ اٹھاؤ۔	Take advantage of the opportunity.
ہم نے چھٹی سے فائدہ اٹھایا۔	We made the most of the holiday.
یہ ایک جدید شہر ہے۔	This is a modern city.
جدید دور میں سب کے پاس فون ہے۔	In modern times everyone has a phone.
وقت کی قدر کرو۔	Value time.
کل رات زلزلہ آیا۔	There was an earthquake last night.
زلزلے سے بہت گھر گرے۔	Many houses fell in the earthquake.
تعلیم کی اہمیت بہت زیادہ ہے۔	Education is very important.
کل میرا ٹیسٹ ہے۔	I have a test tomorrow.
وہ ایک بڑے عہدے پر ہے۔	He holds a high position.
ہم آپ کی حمایت کرتے ہیں۔	We support you.
مجھ پر بہت دباؤ ہے۔	I am under a lot of pressure.
یہ کتے کی ایک نئی نسل ہے۔	This is a new breed of dog.
میں آپ کو دیکھ کر حیران ہوں۔	I am surprised to see you.
یہ فارم بھر دیں۔	Fill in this form.
ابتدائی کلاسوں میں کھیل بھی ہوتے ہیں۔	There are games in the early classes too.
اس نے زبردست کام کیا۔	He did amazing work.
کھانا زبردست تھا۔	The food was amazing.
میری چھٹی منظور ہو گئی۔	My leave was approved.
اس نے کپ الٹ دیا۔	He turned the cup over.
دریا بہت گہرا ہے۔	The river is very deep.
شہر کی آبادی بڑھ رہی ہے۔	The city's population is growing.
یہ کاغذ اس خط کے ساتھ منسلک ہے۔	This paper is attached to this letter.
بچے نے گرم برتن کو چھوا۔	The child touched the hot pot.
وہ تعلیم کے محکمے میں کام کرتا ہے۔	He works in the education department.
اس نے نیا لباس پہنا۔	She wore a new outfit.
شادی کے لیے لباس خریدنا ہے۔	We have to buy clothes for the wedding.
ہم آپ کی شرکت کا شکریہ ادا کرتے ہیں۔	We thank you for your participation.
آپ کون سا رنگ پسند کرتے ہیں؟	Which colour do you like?
کون سی کتاب آپ کی ہے؟	Which book is yours?
صفائی کی مہم شروع ہو گئی۔	The cleanliness campaign has started.
ہمارا رشتہ بہت پرانا ہے۔	Our relationship is very old.
ان کا آپس میں کیا رشتہ ہے؟	How are they related to each other?
اس نے ایک نیا مسئلہ پیدا کیا۔	He created a new problem.
اس کا دعوی غلط ہے۔	His claim is false.
کلاس آج معطل ہے۔	The class is suspended today.
اس کے سوا کوئی نہیں آیا۔	No one came except him.
وہ سادہ کپڑے پہنتا ہے۔	He wears simple clothes.
میرا پسندیدہ مضمون ریاضی ہے۔	My favourite subject is maths.
اس نے ایک مختصر خط لکھا۔	He wrote a short letter.
مختصر یہ کہ سب ٹھیک ہے۔	In short, everything is fine.
یہ گلی بہت تنگ ہے۔	This street is very narrow.
میری قمیض تنگ ہے۔	My shirt is tight.
ہم نے بازی جیت لی۔	We won the game.
کاغذ پر ایک نشان لگاؤ۔	Put a mark on the paper.
اسے ٹیم سے خارج کر دیا گیا۔	He was removed from the team.
ہم ایک چھوٹے ضلع میں رہتے ہیں۔	We live in a small district.
صدر نے قوم سے خطاب کیا۔	The president addressed the nation.
موسیقی روح کی غذا ہے۔	Music is food for the soul.
میرا بٹوا غائب ہے۔	My wallet is missing.
وہ کلاس سے غائب تھا۔	He was absent from class.
بادشاہ کا محل بہت بڑا تھا۔	The king's palace was very big.
اسکول میں داخلہ شروع ہو گیا۔	School admissions have started.
مجھے اپنے بیٹے کا داخلہ کروانا ہے۔	I have to get my son admitted.
وہ آفس میں ہے۔	He is at the office.
میں صبح آفس جاتا ہوں۔	I go to the office in the morning.
اس کے والد وزارت میں کام کرتے ہیں۔	His father works at the ministry.
گلی میں بہت گندگی ہے۔	There is a lot of dirt in the street.
مجھے اپنی بات پر شرمندہ ہونا پڑا۔	I had to feel embarrassed about what I said.
دائیں طرف ہسپتال ہے۔	The hospital is on the right.
اپنے دائیں ہاتھ سے کھاؤ۔	Eat with your right hand.
یہ کمرہ بہت وسیع ہے۔	This room is very spacious.
کمال ہے، تم نے یہ کیسے کیا؟	Amazing, how did you do this?
جانوروں پر رحم کرو۔	Have mercy on animals.
کمپنی کا سربراہ کل آئے گا۔	The head of the company will come tomorrow.
اسے دو سال قید کی سزا ملی۔	He was sentenced to two years in prison.
آج کا موضوع صحت ہے۔	Today's topic is health.
اس موضوع پر کتاب لکھو۔	Write a book on this topic.
وہ ہمارا رہنما ہے۔	He is our leader.
مجھے موسیقی سننا پسند ہے۔	I like listening to music.
گلی میں بچے کھیل رہے ہیں۔	Children are playing in the street.
یہ ایک پرانی روایت ہے۔	This is an old tradition.
ایک منٹ میں ساٹھ سیکنڈ ہوتے ہیں۔	There are sixty seconds in a minute.
وہ ایک مذہبی آدمی ہے۔	He is a religious man.
وہ گھوڑے پر سوار ہوا۔	He got on the horse.
بس میں بیس لوگ سوار تھے۔	Twenty people were on the bus.
ہم یہ درد نہیں سہ سکتے۔	We cannot bear this pain.
ہر گھر پر پرچم لگا ہے۔	There is a flag on every house.
بیماری جلدی پھیل گئی۔	The illness spread quickly.
خبر پورے شہر میں پھیل گئی۔	The news spread across the whole city.
جج نے فیصلہ سنایا۔	The judge gave the verdict.
وہ ایک اچھا جج ہے۔	He is a good judge.
آپ کی اس بات سے کیا مراد ہے؟	What do you mean by this?
یقینا وہ کل آئے گا۔	Surely he will come tomorrow.
مطالعہ کرنا اچھی عادت ہے۔	Reading is a good habit.
وہ ایک جھوٹا آدمی ہے۔	He is a liar.
یہ خبر جھوٹی ہے۔	This news is false.
اس نے ایک اچھا شعر پڑھا۔	He recited a good couplet.
مجھے آپ کے تعاون کی ضرورت ہے۔	I need your cooperation.
ناکامی سے سیکھو۔	Learn from failure.
براہ کرم اس کی وضاحت کریں۔	Please explain this.
امتحان کی تیاری کرو۔	Prepare for the exam.
شادی کی تیاری جاری ہے۔	Preparations for the wedding are going on.
طیارہ وقت پر اترا۔	The aeroplane landed on time.
کل رات بڑا طوفان آیا۔	A big storm came last night.
بڑوں کا احترام کرو۔	Respect your elders.
وہ فوج میں سپاہی ہے۔	He is a soldier in the army.
یہ مشین بہت پرانی ہے۔	This machine is very old.
کپڑے دھونے کی مشین خراب ہے۔	The washing machine is broken.
آج کھانا مفت ہے۔	The food is free today.
یہ کتاب مفت ملی۔	I got this book for free.
میں فارسی بھی بولتا ہوں۔	I also speak Persian.
سورج توانائی دیتا ہے۔	The sun gives energy.
ایک نقطہ لگاؤ۔	Put a dot.
جنگ کے بعد ہر طرف تباہی تھی۔	After the war there was destruction everywhere.
یہ اصلی سونا ہے۔	This is real gold.
یہ نقل نہیں، اصلی ہے۔	This is not a copy; it is genuine.
یہ سودا اچھا ہے۔	This is a good deal.
اس لفظ کا معنی کیا ہے؟	What is the meaning of this word?
مجھے اس کا معنی نہیں معلوم۔	I don't know its meaning.
مجھے مالی مدد کی ضرورت ہے۔	I need financial help.
دریا کے پار ایک گاؤں ہے۔	There is a village across the river.
ہم نے دریا پار کیا۔	We crossed the river.
اس کا ذہن بہت تیز ہے۔	He has a very sharp mind.
میرے ذہن میں ایک خیال آیا۔	An idea came to my mind.
بل کی ادائیگی کل تک کریں۔	Pay the bill by tomorrow.
کھانے کا لطف اٹھاؤ۔	Enjoy the food.
وہ کلاس میں اول آیا۔	He came first in the class.
اس پر ایک بڑی مصیبت آئی۔	A great misfortune befell him.
مصیبت میں دوست کام آتے ہیں۔	Friends help in times of trouble.
میں مجبور ہوں۔	I have no choice.
وہ بہت ہوشیار بچہ ہے۔	He is a very clever child.
سورج مشرق سے نکلتا ہے۔	The sun rises in the east.
ترکی ایک خوبصورت ملک ہے۔	Turkey is a beautiful country.
چپ رہو۔	Be quiet.
بچہ چپ ہو گیا۔	The child fell silent.
بارش کی شدت بڑھ گئی۔	The rain grew heavier.
اس شہر میں ایک کروڑ لوگ رہتے ہیں۔	Ten million people live in this city.
یہ ایک کامل منصوبہ ہے۔	This is a perfect plan.
وہ پولیس افسر ہے۔	He is a police officer.
ایک افسر دفتر میں آیا۔	An officer came into the office.
گاڑی کیچڑ میں پھنس گئی۔	The car got stuck in the mud.
اپنا سامان سنبھالو۔	Look after your things.
وہ سچا دوست ہے۔	He is a true friend.
یہ سڑک خطرناک ہے۔	This road is dangerous.
آگ سے کھیلنا خطرناک ہے۔	Playing with fire is dangerous.
وہ تنہا رہتا ہے۔	He lives alone.
سڑک پر ایک بڑا ٹرک کھڑا ہے۔	A big truck is standing on the road.
ٹرک میں سامان ہے۔	There are goods in the truck.
وہ ایک معروف شاعر ہیں۔	He is a well-known poet.
شیر جنگل کا بادشاہ ہے۔	The lion is the king of the forest.
چڑیا گھر میں ایک شیر ہے۔	There is a lion in the zoo.
چائے میں شکر ڈالو۔	Put sugar in the tea.
اللہ کا شکر ہے۔	Thank God.
کشتی پانی پر چل رہی ہے۔	The boat is moving on the water.
یہاں سگریٹ پینے پر پابندی ہے۔	Smoking is banned here.
میری چچی بہت اچھا کھانا پکاتی ہیں۔	My aunt cooks very good food.
آج مہینے کا چوتھا دن ہے۔	Today is the fourth day of the month.
وہ چوتھی منزل پر رہتی ہے۔	She lives on the fourth floor.
یہ محض ایک خیال ہے۔	This is only an idea.
کسان کے پاس ایک بکری ہے۔	The farmer has a goat.
بکری گھاس کھا رہی ہے۔	The goat is eating grass.
اسے نئی ملازمت مل گئی۔	He got a new job.
صحت سب سے بڑی دولت ہے۔	Health is the greatest wealth.
ہم عید مناتے ہیں۔	We celebrate Eid.
میں نے اسے منا لیا۔	I persuaded him.
ساحل پر ریت گرم ہے۔	The sand on the beach is hot.
مجھے اپنا مال واپس چاہیے۔	I want my goods back.
وہ اس کام کے مخالف ہیں۔	They are against this work.
کھانا تیار ہے۔	The food is ready.
کیا آپ تیار ہیں؟	Are you ready?
یہ ایک پرانا مرض ہے۔	This is an old disease.
اس کی ماں کی تلوار دیوار پر ہے۔	His mother's sword is on the wall.
یہ ہمارا مشترکہ کمرہ ہے۔	This is our shared room.
مجھے آپ سے ایک شکایت ہے۔	I have a complaint about you.
اس نے ہوٹل کی شکایت کی۔	He complained about the hotel.
شہر کی حدود میں گاڑی آہستہ چلاؤ۔	Drive slowly within the city limits.
میرے پیٹ میں درد ہے۔	I have a stomach ache.
آج میں نے فیصلہ کیا کہ میں پڑھوں گا۔	Today I decided that I will study.
بجلی بحال ہو گئی۔	The electricity has been restored.
ہر شخص کو ٹیکس دینا چاہیے۔	Everyone should pay tax.
یہ ٹیکس بہت زیادہ ہے۔	This tax is too high.
کائنات بہت بڑی ہے۔	The universe is very big.
شاپنگ سینٹر شام کو کھلتا ہے۔	The shopping centre opens in the evening.
آج گرمی شدید ہے۔	The heat is intense today.
ہم پارک میں گھومنے گئے۔	We went for a walk in the park.
لوگوں نے قیمتوں پر احتجاج کیا۔	People protested about the prices.
اس نے عدالت میں مقدمہ کیا۔	He filed a case in court.
میری خاطر یہ کام کرو۔	Do this for my sake.
اس کی کارکردگی بہت اچھی ہے۔	His performance is very good.
پرانے زمانے میں یہ ایک بڑی سلطنت تھی۔	In ancient times this was a great empire.
پڑھانا اس کا پیشہ ہے۔	Teaching is his profession.
مجھے بھوک لگی ہے۔	I am hungry.
بچے بھوک سے رو رہے ہیں۔	The children are crying from hunger.
آپ کی موجودگی ضروری ہے۔	Your presence is necessary.
کمپیوٹر کا سسٹم خراب ہے۔	The computer system is broken.
ہم دریا کے کنارے بیٹھے۔	We sat on the bank of the river.
تقریبا سو لوگ آئے۔	About a hundred people came.
میں تقریبا تیار ہوں۔	I am almost ready.
مارکیٹ میں آج رش ہے۔	The market is crowded today.
کمپنی کے ترجمان نے بات کی۔	The company spokesman spoke.
یہ بچہ بہت معصوم ہے۔	This child is very innocent.
مجھے ایک دم یاد آیا۔	I suddenly remembered.
وہ پیچھے کھڑا ہے۔	He is standing behind.
گھر کے پیچھے ایک باغ ہے۔	There is a garden behind the house.
یہ کتاب اب دستیاب ہے۔	This book is available now.
دکان میں دودھ دستیاب نہیں۔	Milk is not available in the shop.
ہیلو، آپ کون ہیں؟	Hello, who are you?
یہ مسئلہ طے ہو گیا۔	This issue has been settled.
شادی کی تاریخ طے ہو گئی۔	The wedding date has been fixed.
مجھے کرکٹ دیکھنا پسند ہے۔	I like watching cricket.
یہ ٹی وی کا نیا شو ہے۔	This is a new TV show.
کسی کی چیز مت چراؤ۔	Don't steal anyone's things.
آج ہمارے گھر مہمان آئیں گے۔	Guests will come to our house today.
وہ ہمارا مہمان ہے۔	He is our guest.
یہ میز لکڑی کی ہے۔	This table is made of wood.
اس موضوع پر بحث ہوئی۔	There was a discussion on this topic.
بحث مت کرو۔	Don't argue.
مجھے اس کا غم ہے۔	I am sad about it.
ایک کپ چائے دیں۔	Give me a cup of tea.
اسے بہت غصہ آیا۔	He got very angry.
غصہ مت کرو۔	Don't get angry.
باہر بہت شور ہے۔	There is a lot of noise outside.
شور مت کرو۔	Don't make noise.
کل رات بہت شاندار تقریب تھی۔	Last night was a magnificent ceremony.
وہ مجھ سے ملنے کل آئیں گے۔	They will come to meet me tomorrow.
بچے مجھے بہت پریشان کرتے ہیں۔	The children bother me a lot.
پریشان مت ہو۔	Don't worry.
میں بہت پریشان ہوں۔	I am very worried.
ہسپتال یہاں سے نزدیک ہے۔	The hospital is close to here.
میری ٹانگ میں درد ہے۔	I have a pain in my leg.
ایک کاغذ اور قلم دیں۔	Give me a paper and a pen.
یہ کاغذ سفید ہے۔	This paper is white.
یہ ایک پرسکون جگہ ہے۔	This is a peaceful place.
مجھے شرم آتی ہے۔	I feel ashamed.
الوداع، پھر ملیں گے۔	Farewell, we will meet again.
بس کا ڈرائیور بہت اچھا ہے۔	The bus driver is very good.
ہمارے ڈرائیور کا نام علی ہے۔	Our driver's name is Ali.
یہ ایک اندرونی معاملہ ہے۔	This is an internal matter.
یہ کام نہایت آسان ہے۔	This work is very easy.
کل میرا انٹرویو ہے۔	I have an interview tomorrow.
خوب، بہت اچھا کام کیا۔	Well done, very good work.
آگے چلو۔	Go ahead.
ہم آگے بڑھ رہے ہیں۔	We are moving forward.
وہ ہماری کلاس میں شامل ہونا چاہتی ہے۔	She wants to join our class.
یعنی کام ختم ہو گیا۔	That means the work is finished.
یہ بات میرے خلاف ہے۔	This is against me.
ہر ماہ کی پہلی تاریخ کو تنخواہ ملتی ہے۔	The salary comes on the first of every month.
یہ ماہ بہت مصروف ہے۔	This month is very busy.
اس نے پیسے کہاں چھپائے؟	Where did he hide the money?
اپنی غلطی مت چھپاؤ۔	Don't hide your mistake.
میں کتابیں، قلم وغیرہ لایا ہوں۔	I have brought books, pens and so on.
یہ خط ان تک پہنچانا ہے۔	This letter has to be delivered to them.
بس اسٹاپ گھر کے سامنے ہے۔	The bus stop is in front of the house.
وہ امتحان میں ناکام ہو گیا۔	He failed the exam.
یہ ایک ملکی مسئلہ ہے۔	This is a national problem.
مجھے اپنے کام پر توجہ دینی ہے۔	I have to focus on my work.
یہ دکان اب فروخت کے لیے ہے۔	This shop is now for sale.
پھلوں کی فروخت بڑھ گئی۔	Fruit sales have gone up.
میرے عزیز دوست، آپ کا شکریہ۔	My dear friend, thank you.
وہ میرا بہت عزیز دوست ہے۔	He is a very dear friend of mine.
خیر، کوئی بات نہیں۔	Well, never mind.
خیر، اب ہم چلتے ہیں۔	Anyway, we are going now.
چائے کے بجائے پانی پیو۔	Drink water instead of tea.
بس کے بجائے ٹرین سے جاؤ۔	Go by train instead of by bus.
وہ کمیٹی کا رکن ہے۔	He is a member of the committee.
ہماری ٹیم کے ہر رکن نے کام کیا۔	Every member of our team worked.
بچوں کے ہاتھ مٹی سے گندے ہیں۔	The children's hands are dirty with soil.
یہ برتن مٹی کا ہے۔	This pot is made of clay.
اوہ، مجھے دیر ہو گئی۔	Oh, I am late.
اوہ، یہ کیا ہوا؟	Oh, what happened?
مجھے آپ کی ضرورت ہے۔	I need you.
میں کرسی پر بیٹھ گیا۔	I sat down on the chair.
براہ کرم بیٹھ جائیے۔	Please sit down.
یہ بری بات ہے۔	This is a bad thing.
اس نے میرا بیگ ہٹایا۔	He moved my bag.
ایک کارکن نے سڑک صاف کی۔	A worker cleaned the road.
یہ روڈ شہر تک جاتی ہے۔	This road goes to the city.
ملک کا دفاع ہمارا فرض ہے۔	Defending the country is our duty.
یہ عدد دس سے بڑا ہے۔	This number is bigger than ten.
میں ایک شہری علاقے میں رہتا ہوں۔	I live in an urban area.
وہ اسکول کا نیا صدر منتخب ہوا۔	He was elected the new head of the school.
اس نے مجھ پر توجہ دی۔	He paid attention to me.
محنت کے باوجود وہ ناکام ہو گیا۔	Despite hard work he failed.
اس معاملے کا ایک گواہ ہے۔	There is a witness to this matter.
ہماری کانفرنس کامیاب رہی۔	Our conference was successful.
گائے کھیت میں گھاس کھا رہی ہے۔	The cow is eating grass in the field.
آپریشن کامیاب رہا۔	The operation was successful.
ہماری تنظیم غریبوں کی مدد کرتی ہے۔	Our organisation helps the poor.
یہ ایک مقدس جگہ ہے۔	This is a sacred place.
مقدس کتابیں احترام سے رکھو۔	Keep the holy books with respect.
وہ ہمارا سابق پڑوسی ہے۔	He is our former neighbour.
یہ شہر کا سب سے محترم آدمی ہے۔	He is the most respected man in the city.
اس کتاب میں اچھا مواد ہے۔	There is good content in this book.
یہ مواد بچوں کے لیے ہے۔	This material is for children.
اس کی حیثیت بہت بلند ہے۔	His standing is very high.
شہزادہ گھوڑے پر آیا۔	The prince came on a horse.
وہ ٹرین سے اترا۔	He got off the train.
میں آپ سے پہلی مرتبہ مل رہا ہوں۔	I am meeting you for the first time.
اس نے نشانہ لگایا۔	He took aim.
یہ ایجنسی سفر کا انتظام کرتی ہے۔	This agency arranges travel.
بہادر لوگ ڈرتے نہیں۔	Brave people are not afraid.
وہ مسجد میں گیا۔	He went to the mosque.
یہاں ایک پرانی مسجد ہے۔	There is an old mosque here.
آدھا یا نصف ایک ہی بات ہے۔	"Aadha" and "nisf" both mean half.
میں نے اپنا کمرہ تبدیل کیا۔	I changed my room.
وہ ایک غیر ملکی زبان سیکھ رہا ہے۔	He is learning a foreign language.
تشدد اچھی بات نہیں۔	Violence is not a good thing.
گاڑی کو روکو۔	Stop the car.
بارش کی روک تھام ممکن نہیں۔	Rain cannot be prevented.
یہ ایک خصوصی دعوت ہے۔	This is a special invitation.
انسانیت کی خدمت کرو۔	Serve humanity.
ہماری جیت یقینی ہے۔	Our victory is certain.
اس کا نام فہرست میں درج ہے۔	His name is entered in the list.
سال کے اختتام پر چھٹیاں ہوتی ہیں۔	There are holidays at the end of the year.
مجھے بہت توقع تھی۔	I had a lot of hope.
اس نے اپنی تحقیق مکمل کی۔	She completed her research.
وہ ایک کامیاب ڈاکٹر ہے۔	He is a successful doctor.
یہ امن کی علامت ہے۔	This is a symbol of peace.
ڈاکٹر کی ہدایت مانو۔	Follow the doctor's instructions.
میں ایک شرط پر آؤں گا۔	I will come on one condition.
کھانے سمیت سب کچھ تیار ہے۔	Everything including the food is ready.
یہ ظلم ہے۔	This is cruelty.
وہ مشرقی شہر میں رہتا ہے۔	He lives in an eastern city.
کام کی مدت ایک سال ہے۔	The duration of the work is one year.
شمالی ہوا ٹھنڈی ہوتی ہے۔	The north wind is cold.
بہار کی آمد ہو گئی۔	Spring has arrived.
اسے اپنی صحت کی پرواہ نہیں۔	He doesn't care about his health.
یہ روایت آج بھی برقرار ہے۔	This tradition still continues today.
مجھ پر کام کا دباؤ ہے۔	I am under work pressure.
مجھے آپ کی قدر ہے۔	I value you.
دوستی کی اہمیت سمجھو۔	Understand the importance of friendship.
یہ فارم اردو میں ہے۔	This form is in Urdu.
یہ ابتدائی سبق ہے۔	This is an elementary lesson.
اس کی درخواست منظور ہو گئی۔	His application was approved.
یہ تصویر خط سے منسلک ہے۔	This picture is attached to the letter.
صحت کا محکمہ یہاں ہے۔	The health department is here.
اسکول ایک ہفتے کے لیے معطل ہے۔	The school is suspended for a week.
اس کے دعوے میں کوئی سچ نہیں۔	There is no truth in his claim.
آج ڈیڑھ نہیں، سوا بجے آنا۔	Come at a quarter past one today, not half past.
یہ بازی ہم جیتیں گے۔	We will win this game.
اس مضمون کو دوبارہ پڑھو۔	Read this essay again.
یہ یادگار کا نشان ہے۔	This is a sign of remembrance.
اس کا نام فہرست سے خارج ہو گیا۔	His name was removed from the list.
اس کی روح کو سکون ملے۔	May his soul find peace.
یہ ضلع بہت بڑا ہے۔	This district is very big.
استاد نے بچوں سے خطاب کیا۔	The teacher addressed the children.
یہ نوجوان کون ہے؟	Who is this young man?
گندگی سے بیماری پھیلتی ہے۔	Dirt spreads disease.
وزارت نے نیا حکم جاری کیا۔	The ministry issued a new order.
خاندان کا سربراہ ابا ہیں۔	Father is the head of the family.
وہ دو سال سے قید میں ہے۔	He has been in prison for two years.
ناکام ہونا کوئی بری بات نہیں۔	Failing is not a bad thing.
وہ معاف کر دیں گے۔	They will forgive.
یہ ایک پرانی روایت ہے کہ ہم ساتھ کھائیں۔	It is an old custom that we eat together.
میری دلی مراد پوری ہو گئی۔	My heart's desire came true.
پرچم ہوا میں لہرا رہا ہے۔	The flag is waving in the wind.
یقینا آپ ٹھیک کہتے ہیں۔	Surely you are right.
جھوٹا وعدہ مت کرو۔	Don't make a false promise.
یہ شعر بہت مشہور ہے۔	This couplet is very famous.
ناکامی کامیابی کی پہلی سیڑھی ہے۔	Failure is the first step to success.
طیارہ بادلوں میں اڑ رہا ہے۔	The aeroplane is flying in the clouds.
وضاحت کے لیے شکریہ۔	Thanks for the explanation.
ہم سب آپ کا احترام کرتے ہیں۔	We all respect you.
سپاہی سرحد پر کھڑا ہے۔	The soldier is standing at the border.
فارسی ایک پرانی زبان ہے۔	Persian is an old language.
اصل میں وہ بیمار تھا۔	Actually, he was ill.
ہمیں توانائی بچانی چاہیے۔	We should save energy.
اس نقطے پر غور کرو۔	Think about this point.
سیلاب نے بہت تباہی کی۔	The flood caused a lot of destruction.
یہ ایک مالی مسئلہ ہے۔	This is a financial problem.
مجھے سفر کا بہت لطف آیا۔	I really enjoyed the trip.
وہ دوڑ میں اول آئی۔	She came first in the race.
ہم مشرق کی طرف جا رہے ہیں۔	We are going towards the east.
ہوشیار رہو۔	Be careful.
میں ترکی جانا چاہتا ہوں۔	I want to go to Turkey.
یہ جدید ٹیکنالوجی ہے۔	This is modern technology.
کوئی بھی انسان کامل نہیں۔	No human is perfect.
یہاں اسلحہ لانا منع ہے۔	Bringing weapons here is forbidden.
ایک کروڑ بہت بڑی رقم ہے۔	Ten million is a very large sum.
تنہا سفر مت کرو۔	Don't travel alone.
یہ ایک معروف ہوٹل ہے۔	This is a well-known hotel.
تنقید سے مت ڈرو۔	Don't be afraid of criticism.
اس نے میرے کام پر تنقید کی۔	He criticised my work.
سرحد یہاں سے قریب ہے۔	The border is close to here.
چچی کل ہمارے گھر آئیں گی۔	Aunt will come to our house tomorrow.
یہ محض اتفاق تھا۔	It was just a coincidence.
کسی سے پوچھ کر آؤ۔	Ask someone and come.
یہ آلہ بہت کام کا ہے۔	This tool is very useful.
ڈاکٹر نے مریض کا جائزہ لیا۔	The doctor examined the patient.
ملازمت کے لیے درخواست دو۔	Apply for the job.
علم سب سے بڑی دولت ہے۔	Knowledge is the greatest wealth.
نئی ٹیم کی تشکیل ہوئی۔	A new team was formed.
ریت بہت گرم ہے۔	The sand is very hot.
ہم جمہوریت پر یقین رکھتے ہیں۔	We believe in democracy.
جمہوریت میں عوام کی رائے اہم ہے۔	In a democracy the people's opinion matters.
اس کا مرض پرانا ہے۔	His illness is chronic.
وہ ایک طاقتور آدمی ہے۔	He is a powerful man.
یہ ہمارا مشترکہ کام ہے۔	This is our joint work.
اس کا مطالبہ جائز ہے۔	His demand is justified.
یہ مقدمہ کئی سال چلا۔	This case went on for many years.
مزدوروں نے احتجاج کیا۔	The workers protested.
وزیر اعظم کل آئیں گے۔	The prime minister will come tomorrow.
وزیر اعظم نے قوم سے خطاب کیا۔	The prime minister addressed the nation.
کارکردگی بہتر ہو رہی ہے۔	Performance is improving.
دوستوں کی خاطر میں آیا۔	I came for my friends' sake.
شراب صحت کے لیے نقصان دہ ہے۔	Alcohol is harmful to health.
یہاں شراب منع ہے۔	Alcohol is forbidden here.
یہ ایک عظیم سلطنت تھی۔	This was a great empire.
ڈاکٹری ایک اچھا پیشہ ہے۔	Medicine is a good profession.
بچوں کی موجودگی میں ایسی بات مت کرو۔	Don't talk like that in front of the children.
یہ سسٹم آسان ہے۔	This system is easy.
معصوم بچہ ہنس رہا ہے۔	The innocent child is laughing.
شو شام کو شروع ہوگا۔	The show will start in the evening.
اس نے میرا قلم چرا لیا۔	He stole my pen.
اس لحاظ سے آپ ٹھیک ہیں۔	In that respect you are right.
ہر لحاظ سے یہ اچھا ہے۔	It is good in every way.
غم نہ کرو۔	Don't grieve.
مجھے باہر جانے کی اجازت نہیں۔	I am not allowed to go out.
یہ قیامت کی گرمی ہے۔	This is terrible heat.
استاد نے میری تعریف کی۔	The teacher praised me.
ٹانگ پر چوٹ لگی ہے۔	The leg is injured.
شہر کے نزدیک ایک جھیل ہے۔	There is a lake near the city.
مجھے سردی لگ رہی ہے۔	I feel cold.
شرم کی بات ہے۔	It is shameful.
وہ ایک برطانوی کمپنی میں کام کرتا ہے۔	He works in a British company.
میرے لیے پانی لے آؤ۔	Bring me water.
وہ بازار سے سبزی لے آیا۔	He brought vegetables from the market.
یہ اندرونی کمرہ ہے۔	This is the inner room.
یہ نہایت ضروری ہے۔	This is very necessary.
سب کچھ برباد ہو گیا۔	Everything was ruined.
آج کا سبق آسان ہے۔	Today's lesson is easy.
اس نے مجھے اچھا سبق دیا۔	He taught me a good lesson.
وہ عربی بولتا ہے۔	He speaks Arabic.
پہاڑ شمال میں ہیں۔	The mountains are in the north.
احتیاط سے گاڑی چلاؤ۔	Drive carefully.
آہستہ بولو۔	Speak slowly.
آسمان پر ایک ستارہ چمک رہا ہے۔	A star is shining in the sky.
رات کو ستارے نظر آتے ہیں۔	Stars can be seen at night.
یہ ایک قدیم شہر ہے۔	This is an ancient city.
قدیم زمانے میں لوگ پیدل چلتے تھے۔	In ancient times people walked.
یہاں ہر سہولت موجود ہے۔	Every facility is available here.
اس نے کتا پالا ہے۔	He has raised a dog.
میں نے ایک بلی پالی ہے۔	I have raised a cat.
اس کی درخواست مسترد ہو گئی۔	His application was rejected.
ان کا کاروبار تجارت ہے۔	Their business is trade.
یہ پلیٹ صاف کرو۔	Clean this plate.
ایک پلیٹ چاول دیں۔	Give me a plate of rice.
مجھے کوئی پریشانی نہیں۔	I have no problem.
یوں مت بیٹھو۔	Don't sit like that.
چھت پر بلی ہے۔	There is a cat on the roof.
ہم نے مہمانوں کا استقبال کیا۔	We welcomed the guests.
دودھ میں چینی ملاؤ۔	Mix sugar into the milk.
مجھے آپ کا خط وصول ہوا۔	I received your letter.
یہ ایک اہم دستاویز ہے۔	This is an important document.
یہ اس کا مستقل پتہ ہے۔	This is his permanent address.
ان کے دادا کا انتقال ہو گیا۔	Their grandfather passed away.
اس کی گردن میں درد ہے۔	He has a pain in his neck.
اس کے بال سنہرے ہیں۔	Her hair is golden.
سنہرا سورج نکل رہا ہے۔	The golden sun is rising.
یہ بستر نرم ہے۔	This bed is soft.
آپ تشریف رکھیں۔	Please have a seat.
آپ کب تشریف لائیں گے؟	When will you come?
اس کی تحریر بہت خوبصورت ہے۔	His handwriting is very beautiful.
باہر اندھیرا ہے۔	It is dark outside.
زمین ایک سیارہ ہے۔	The earth is a planet.
یہ ایک تاریخی عمارت ہے۔	This is a historic building.
یہ تقریب کل شام ہوگی۔	This ceremony will be tomorrow evening.
شادی کی تقریب بہت اچھی تھی۔	The wedding ceremony was very good.
ہم کل ایک کیمپ میں جائیں گے۔	Tomorrow we will go to a camp.
یہ وادی بہت خوبصورت ہے۔	This valley is very beautiful.
میں ایک کلب کا رکن ہوں۔	I am a member of a club.
اچھی خوراک صحت کے لیے ضروری ہے۔	Good food is necessary for health.
یہاں کا ماحول اچھا ہے۔	The atmosphere here is good.
یہ فائل میز پر رکھو۔	Put this file on the table.
یہ دوا بہت موثر ہے۔	This medicine is very effective.
وہ ایک فیکٹری میں کام کرتا ہے۔	He works in a factory.
راستے میں ایک رکاوٹ ہے۔	There is an obstacle on the way.
تیل مہنگا ہو گیا ہے۔	Oil has become expensive.
یہ کھیت کی پیداوار ہے۔	This is the produce of the field.
اس نے عدالت میں گواہی دی۔	He testified in court.
اسکول کی فیس کتنی ہے؟	How much is the school fee?
ایک لمحہ رکو۔	Wait a moment.
بچوں کو کھانا کھلاؤ۔	Feed the children.
یہ گیند گول ہے۔	This ball is round.
کتابیں ترتیب سے رکھو۔	Put the books in order.
میں اس شہر سے واقف ہوں۔	I am familiar with this city.
آج اس کا مزاج اچھا ہے۔	He is in a good mood today.
دروازہ کھل گیا۔	The door opened.
یہ آپ پر منحصر ہے۔	It depends on you.
وہ کتے سے خوفزدہ ہے۔	He is frightened of the dog.
وہ ایک نیک آدمی ہے۔	He is a good man.
نیک کام کرو۔	Do good deeds.
ٹھنڈی ہوا چل رہی ہے۔	A cold wind is blowing.
میں آسانی سے یہ کر سکتا ہوں۔	I can do this easily.
دال میں نمک کم ہے۔	There is little salt in the lentils.
نمک زیادہ مت ڈالو۔	Don't put too much salt.
بارش مسلسل ہو رہی ہے۔	It is raining continuously.
ہماری دوستی بہت پرانی ہے۔	Our friendship is very old.
بس میں بہت مسافر ہیں۔	There are many passengers on the bus.
اس مسئلے کا ایک اور پہلو ہے۔	There is another side to this problem.
مجھے چکر آ رہا ہے۔	I feel dizzy.
وہ بہت سست ہے۔	He is very lazy.
ہم پھل برآمد کرتے ہیں۔	We export fruit.
مجھے بھوک لگ رہی ہے۔	I am feeling hungry.
اسکول کے باہر بچے کھڑے ہیں۔	Children are standing outside the school.
مجھے یہ دیکھ کر حیرانی ہوئی۔	I was surprised to see this.
وہ یہ سن کر حیران ہو گیا۔	He was surprised to hear this.
میرے استاد ماسٹر صاحب ہیں۔	My teacher is Master sahib.
یہ کمرہ ملازم کا ہے۔	This room is the servant's.
یہ ایک خوفناک فلم ہے۔	This is a scary film.
مجھے آپ کا مشورہ چاہیے۔	I need your advice.
اس کا بازو ٹوٹ گیا۔	His arm broke.
شہر کا نقشہ دکھائیں۔	Show the map of the city.
پرواز منسوخ ہو گئی۔	The flight was cancelled.
یہ ایک شاہی محل ہے۔	This is a royal palace.
یہ تصویر ایک یادگار ہے۔	This picture is a keepsake.
یہ لائبریری بہت بڑی ہے۔	This library is very big.
میں لائبریری میں پڑھتا ہوں۔	I study in the library.
وہ اس انعام کا مستحق ہے۔	He deserves this prize.
یہ ایک جمہوری ملک ہے۔	This is a democratic country.
بچے کو بھوکا مت رکھو۔	Don't keep the child hungry.
میں بہت بھوکا ہوں۔	I am very hungry.
اس کے ہاتھ پر زخم ہے۔	There is a wound on his hand.
زخم ٹھیک ہو گیا۔	The wound has healed.
یہ اضافی کام ہے۔	This is extra work.
بیمار کو ہوش آ گیا۔	The patient regained consciousness.
یہ ایک سنجیدہ مسئلہ ہے۔	This is a serious problem.
وہ بہت سنجیدہ آدمی ہے۔	He is a very serious man.
بچوں کو مت ڈراؤ۔	Don't scare the children.
ہم سیر کرنے گئے۔	We went for an outing.
قطار میں کھڑے ہو جائیں۔	Stand in the queue.
اس نے قطار توڑ دی۔	He broke the queue.
یہ ایک قیمتی ہیرا ہے۔	This is a precious diamond.
یہ کہانی ایک خزانے کی ہے۔	This story is about a treasure.
باہر ماسک پہنو۔	Wear a mask outside.
ہمارا باس بہت اچھا ہے۔	Our boss is very nice.
صحرا میں پانی نہیں ہوتا۔	There is no water in the desert.
گاڑی کا انجن خراب ہے۔	The car's engine is broken.
وہ صبح لاہور روانہ ہوا۔	He left for Lahore in the morning.
بازار میں بہت ہجوم ہے۔	There is a big crowd in the market.
آج یوم آزادی ہے۔	Today is Independence Day.
یہ ایک مفید کتاب ہے۔	This is a useful book.
یہ عارضی کام ہے۔	This is temporary work.
وہ نتیجے سے مایوس ہے۔	He is disappointed with the result.
ہم نے درخت کا بیج لگایا۔	We planted a tree seed.
اس نے مجھے دھکا دیا۔	He pushed me.
مجھے نیا پاسپورٹ بنوانا ہے۔	I have to get a new passport.
اپنا پاسپورٹ ساتھ رکھو۔	Keep your passport with you.
کمرے میں خاموشی ہے۔	There is silence in the room.
یہ کپڑے کا نمونہ ہے۔	This is a sample of the cloth.
وہ کتاب کا مطالعہ کر رہا ہے۔	He is studying the book.
میں ہر روز مطالعہ کرتا ہوں۔	I study every day.
یہ چیز بیکار ہے۔	This thing is useless.
ہم بالآخر گھر پہنچ گئے۔	We finally reached home.
بالآخر بارش رک گئی۔	Finally the rain stopped.
یہ پہاڑی علاقہ ہے۔	This is a hilly area.
کپڑے خشک ہو گئے۔	The clothes have dried.
ماں نے مجھے پکارا۔	Mother called me.
سمندر کی لہر بہت بڑی تھی۔	The sea wave was very big.
گاڑی بائیں طرف موڑو۔	Turn the car to the left.
اس کی ہڈی ٹوٹ گئی۔	His bone broke.
کوئی بہانہ مت بناؤ۔	Don't make any excuse.
یہ ایک مثبت خیال ہے۔	This is a positive idea.
ان کی رہائش شہر میں ہے۔	They live in the city.
یہ دس سال کی دہائی ہے۔	This is a decade of ten years.
وہ باغ میں پھر رہا ہے۔	He is walking around in the garden.
اس نے اپنا رخ بدلا۔	He turned his face.
پھلوں کی مانگ بڑھ گئی۔	The demand for fruit has increased.
آئندہ ایسا مت کرنا۔	Don't do this in future.
بازار میں بہت بھیڑ ہے۔	The market is very crowded.
کھیت میں بھیڑیں چر رہی ہیں۔	Sheep are grazing in the field.
وہ گاؤں میں بس گئے۔	They settled in the village.
کھڑکی پر پردہ لگاؤ۔	Put a curtain on the window.
وہ میرا قریبی دوست ہے۔	He is my close friend.
اس نے اپنی نشست چھوڑ دی۔	He gave up his seat.
آپ کی جرات کیسے ہوئی؟	How dare you?
درخت ہوا میں جھک گیا۔	The tree bent in the wind.
کسان کے پاس دو بیل ہیں۔	The farmer has two oxen.
فرش پر پانی ہے۔	There is water on the floor.
کسان ہل چلاتا ہے۔	The farmer ploughs.
یہ ایک معجزہ ہے۔	This is a miracle.
گاڑی میں کوئی خرابی ہے۔	There is some fault in the car.
ہمارا میزبان بہت اچھا تھا۔	Our host was very good.
کوڑا یہاں مت پھینکو۔	Don't throw rubbish here.
کمرہ روشن ہے۔	The room is bright.
اس کی آنکھیں روشن ہیں۔	His eyes are bright.
غریبوں کو امداد ملی۔	The poor got aid.
ہم نے ایک درجن انڈے خریدے۔	We bought a dozen eggs.
اس کا سلوک اچھا ہے۔	His behaviour is good.
کمرے کے بیچ میں میز ہے۔	There is a table in the middle of the room.
اس کے پاس ڈاکٹری کی ڈگری ہے۔	She has a medical degree.
ملکہ محل میں رہتی ہے۔	The queen lives in the palace.
چوک پر بہت ٹریفک ہے۔	There is a lot of traffic at the square.
اپنا تعارف کرائیں۔	Introduce yourself.
یہ نوٹ جعلی ہے۔	This note is fake.
ہم میچ ہار گئے۔	We lost the match.
کبھی ہمت مت ہارو۔	Never lose heart.
عید کا جشن منایا گیا۔	Eid was celebrated.
یہ چاندی کی انگوٹھی ہے۔	This is a silver ring.
یہ خالص دودھ ہے۔	This is pure milk.
مجھے شہد پسند ہے۔	I like honey.
صحرا میں اونٹ ہوتے ہیں۔	There are camels in the desert.
یہ ایک سالانہ میلہ ہے۔	This is an annual fair.
یہاں سے بو آ رہی ہے۔	There is a smell coming from here.
صبح کی سیر میرا معمول ہے۔	A morning walk is my routine.
یہ ہال بہت بڑا ہے۔	This hall is very big.
کمرے کے کونے میں کرسی ہے۔	There is a chair in the corner of the room.
ہاتھ مت ہلاؤ۔	Don't move your hand.
یہ سب سے بدترین دن تھا۔	This was the worst day.
پہاڑ کی چوٹی پر برف ہے۔	There is snow on the mountain top.
یہ اس کا پانچواں سال ہے۔	This is his fifth year.
یہ ایک بڑی ایجاد ہے۔	This is a great invention.
کمرے میں ہنسی کی آواز آئی۔	The sound of laughter came from the room.
مجھے ایک قرضہ لینا ہے۔	I have to take a loan.
اس کی آمدنی کم ہے۔	His income is low.
جوتوں کے تسمے باندھو۔	Tie your shoelaces.
اس کام کے لیے پیسے درکار ہیں۔	Money is needed for this work.
اس کے چہرے پر مسکراہٹ ہے۔	There is a smile on her face.
یہ ایک منفرد جگہ ہے۔	This is a unique place.
اسے بات بتا دو۔	Tell him the matter.
چائے کا وقفہ ہو گیا۔	It is time for a tea break.
اس اسکول کا معیار اچھا ہے۔	The standard of this school is good.
اس نے اپنی جیب سے پیسے نکالے۔	He took money out of his pocket.
میرا قلم کھو گیا۔	My pen got lost.
بچہ بازار میں کھو گیا۔	The child got lost in the market.
چائے میں مکھی گر گئی۔	A fly fell into the tea.
اس نے برتن دھوئے۔	She washed the dishes.
دونوں بھائیوں میں جھگڑا ہو گیا۔	The two brothers had a quarrel.
گھبرائیں نہیں۔	Don't panic.
وہ امتحان سے گھبرا رہا ہے۔	He is nervous about the exam.
گیٹ بند کر دو۔	Close the gate.
باہر گیٹ پر کون ہے؟	Who is at the gate outside?
دروازہ کھول دو۔	Open the door.
میں نے کھڑکی کھول دی۔	I opened the window.
بچے ماں سے ٹافی مانگ رہے ہیں۔	The children are asking their mother for sweets.
یہ ہماری تہذیب کا حصہ ہے۔	This is part of our culture.
بزرگوں کی نصیحت سنو۔	Listen to the advice of elders.
نیکی کا بدلہ نیکی ہے۔	The reward of goodness is goodness.
ہم آپ کے منتظر ہیں۔	We are waiting for you.
بادشاہ کے سر پر تاج تھا۔	There was a crown on the king's head.
کسان کھیت میں کام کر رہا ہے۔	The farmer is working in the field.
جنگل میں ایک ہرن ہے۔	There is a deer in the forest.
یہ کون سی شے ہے؟	What thing is this?
چوروں کا ایک گروہ پکڑا گیا۔	A gang of thieves was caught.
پرندوں کا ایک گروہ اڑ رہا ہے۔	A flock of birds is flying.
میٹنگ کا وقت مقرر ہو گیا۔	The meeting time has been fixed.
دھوکہ دینا بری بات ہے۔	Cheating is a bad thing.
وہ ایک سماجی کارکن ہے۔	She is a social worker.
گھڑی کی سوئی حرکت کر رہی ہے۔	The hand of the clock is moving.
استاد کی حیثیت سے میں یہ کہتا ہوں۔	I say this as a teacher.
بچہ درخت سے اتر آیا۔	The child came down from the tree.
اس نے دعوی کیا کہ وہ جیت گیا۔	He claimed that he had won.
اس کا رویہ غیر ضروری تھا۔	His attitude was unnecessary.
ہوشیار بچے جلدی سیکھتے ہیں۔	Clever children learn quickly.
اس نے ڈبہ کھول دیا۔	He opened the box.
یہ واقعی بہت مشکل ہے۔	This is really very difficult.
نئی حکومت کی تشکیل ہو گئی۔	The new government has been formed.
پرانی تلوار عجائب گھر میں ہے۔	The old sword is in the museum.
سڑک بحال ہو گئی۔	The road has been reopened.
یہ ایک بڑا تعلیمی سینٹر ہے۔	This is a big education centre.
کسی کا دل مت چراؤ۔	Don't steal anyone's heart.
آہستہ چلو، سڑک گیلی ہے۔	Walk slowly, the road is wet.
ہسپتال میں ہر سہولت ہے۔	The hospital has every facility.
یوں لگتا ہے کہ بارش ہوگی۔	It seems that it will rain.
کمپنی نے میری تجویز مسترد کر دی۔	The company rejected my proposal.
تجارت کے لیے سڑکیں ضروری ہیں۔	Roads are necessary for trade.
آپ کو کوئی پریشانی ہے؟	Do you have any problem?
ہم نے مہمانوں کا گرم استقبال کیا۔	We gave the guests a warm welcome.
شہزادی محل میں رہتی تھی۔	The princess lived in the palace.
کہانی میں ایک خوبصورت شہزادی ہے۔	There is a beautiful princess in the story.
اس نے پیسے وصول کر لیے۔	He received the money.
یہ دستاویز محفوظ رکھو۔	Keep this document safe.
وہ ہمارا مستقل گاہک ہے۔	He is our regular customer.
اس کے والد کا انتقال پچھلے سال ہوا۔	His father passed away last year.
اس کی گردن لمبی ہے۔	Her neck is long.
یہ ایک منظم ٹیم ہے۔	This is an organised team.
مجلس میں سب نے بات کی۔	Everyone spoke at the meeting.
یہ تحریر کس کی ہے؟	Whose writing is this?
یہ قدرتی رنگ ہے۔	This is a natural colour.
پانی کی مقدار کم ہے۔	The quantity of water is low.
بارش کے باعث میچ رک گیا۔	The match stopped because of the rain.
بچے کیمپ میں خوش ہیں۔	The children are happy at the camp.
اس وادی میں ایک دریا ہے۔	There is a river in this valley.
ہمارا کلب ہر ہفتے ملتا ہے۔	Our club meets every week.
جانوروں کو اچھی خوراک دو۔	Give the animals good food.
یہ ڈرامہ بہت مشہور ہے۔	This drama is very famous.
میں نے ٹی وی پر ڈرامہ دیکھا۔	I watched a drama on TV.
گھر کا ماحول خوشگوار ہے۔	The atmosphere at home is pleasant.
یہ طریقہ موثر ہے۔	This method is effective.
فائل کمپیوٹر میں محفوظ ہے۔	The file is saved on the computer.
بارش سفر میں رکاوٹ بنی۔	The rain became an obstacle on the journey.
فیکٹری میں سو لوگ کام کرتے ہیں۔	A hundred people work in the factory.
بچوں میں بہت جوش ہے۔	The children are very excited.
مجھے پریشان مت کرو۔	Don't bother me.
اس سال گندم کی پیداوار زیادہ ہے۔	Wheat production is high this year.
اس کی گواہی اہم ہے۔	His testimony is important.
یونیورسٹی کی فیس بہت زیادہ ہے۔	The university fee is very high.
ماں بچے کو کھانا کھلا رہی ہے۔	The mother is feeding the child.
کیا آپ اس آدمی سے واقف ہیں؟	Do you know this man?
زمین گول ہے۔	The earth is round.
اس نے گول میز خریدی۔	He bought a round table.
کپڑوں کو ترتیب سے رکھو۔	Arrange the clothes neatly.
سب کچھ موسم پر منحصر ہے۔	Everything depends on the weather.
بچہ اندھیرے سے خوفزدہ ہے۔	The child is afraid of the dark.
کمرے میں اندھیرا ہے۔	It is dark in the room.
یہ خوب رہا۔	That went well.
آج ہوا سرد ہے۔	The wind is cold today.
اس کپڑے کا ڈیزائن اچھا ہے۔	The design of this cloth is good.
وہ مسلسل دو گھنٹے پڑھتا رہا۔	He kept studying for two hours without a break.
یہ انگوٹھی میری ماں کی نشانی ہے۔	This ring is a keepsake of my mother.
ٹرین میں مسافر سو رہے ہیں۔	The passengers are sleeping on the train.
میں بازار کا ایک چکر لگا کر آتا ہوں۔	I will take a round of the market and come back.
ہر بات کے دو پہلو ہوتے ہیں۔	Everything has two sides.
پاکستان چاول برآمد کرتا ہے۔	Pakistan exports rice.
آج انٹرنیٹ بہت سست ہے۔	The internet is very slow today.
اسکول کے احاطے میں ایک باغ ہے۔	There is a garden in the school grounds.
ہمارا ملازم بہت ایماندار ہے۔	Our employee is very honest.
ماسٹر صاحب کلاس میں آ گئے۔	The teacher has come into the class.
رات کو جنگل خوفناک لگتا ہے۔	The forest looks scary at night.
بادشاہ کا شاہی لباس سنہرا تھا۔	The king's royal dress was golden.
ملزم نے عدالت میں سچ بولا۔	The accused told the truth in court.
یہ بچے مدد کے مستحق ہیں۔	These children deserve help.
ہمارا ملک جمہوری ہے۔	Our country is democratic.
یہ کتاب سوا سو روپے کی ہے۔	This book costs one hundred and twenty-five rupees.
ہر مخلوق کو زندگی پیاری ہے۔	Every creature loves life.
مجھے اضافی تنخواہ ملی۔	I got extra pay.
لاہور کا قلعہ بہت پرانا ہے۔	Lahore Fort is very old.
پہاڑ پر ایک قلعہ ہے۔	There is a fort on the mountain.
ہوش میں آؤ۔	Come to your senses.
پلیز، ایک منٹ رکیں۔	Please wait a minute.
وزیر نے اسکول کا افتتاح کیا۔	The minister inaugurated the school.
میرا جنم لاہور میں ہوا۔	I was born in Lahore.
یہ ہیرا بہت مہنگا ہے۔	This diamond is very expensive.
کتابیں علم کا خزانہ ہیں۔	Books are a treasure of knowledge.
اس نے ایک اچھی تقریر کی۔	He gave a good speech.
ٹرین کا انجن نیا ہے۔	The train's engine is new.
ہجوم میں مت جاؤ۔	Don't go into the crowd.
ڈاکٹر نے ماسک پہنا ہے۔	The doctor is wearing a mask.
قافلہ صبح روانہ ہو گیا۔	The caravan set off in the morning.
آج یوم مئی ہے۔	Today is May Day.
میرے پاس آؤ۔	Come to me.
باس نے مجھے بلایا۔	The boss called me.
اسکول میں حاضری لازمی ہے۔	Attendance at school is compulsory.
پانی پینا صحت کے لیے مفید ہے۔	Drinking water is good for health.
یہ ایک عارضی گھر ہے۔	This is a temporary home.
یہ قبیلہ پہاڑوں میں رہتا ہے۔	This tribe lives in the mountains.
موٹر سائیکل بہت تیز ہے۔	The motorbike is very fast.
اس کی تعریف میں کچھ کہو۔	Say something in praise of him.
یہ خون کا نمونہ ہے۔	This is a blood sample.
ہر شہری کو ووٹ دینا چاہیے۔	Every citizen should vote.
یہ پرانی گھڑی بیکار ہے۔	This old watch is useless.
بچوں کے لیے ایک ڈراما لکھو۔	Write a play for the children.
یہ ایک پہاڑی گاؤں ہے۔	This is a mountain village.
خوشی کی ایک لہر آئی۔	A wave of happiness came.
گاڑی دائیں طرف موڑو۔	Turn the car to the right.
دودھ ہڈیوں کے لیے اچھا ہے۔	Milk is good for the bones.
وہ ہمیشہ بہانہ بناتا ہے۔	He always makes excuses.
مجھے دفتر پہنچنے میں دیر ہو گئی۔	I was late getting to the office.
مثبت سوچو۔	Think positively.
ہمیں رہائش کے لیے گھر چاہیے۔	We need a house to live in.
پچھلی دہائی میں شہر بہت بدل گیا۔	The city changed a lot in the last decade.
ہوا کا رخ بدل گیا۔	The direction of the wind changed.
میں نے ہوٹل میں شکایت کی۔	I complained at the hotel.
پرندے درختوں پر بستے ہیں۔	Birds live in trees.
قریبی دکان سے دودھ لے آؤ۔	Bring milk from the nearby shop.
بس میں کوئی نشست خالی نہیں۔	There is no empty seat on the bus.
اس نے سچ بولنے کی جرات کی۔	He dared to tell the truth.
حکیم صاحب نے دوا دی۔	The hakim gave medicine.
بیل کھیت میں کام کرتا ہے۔	The ox works in the field.
نیکی کا بدلہ ضرور ملتا ہے۔	Good deeds are always rewarded.
گاڑی میں خرابی ہو گئی۔	The car broke down.
محافظ دروازے پر کھڑا ہے۔	The guard is standing at the door.
مہاجر نئے ملک میں آئے۔	The migrants came to a new country.
میزبان نے ہمیں چائے پلائی۔	The host served us tea.
کوڑا کوڑے دان میں ڈالو۔	Put the rubbish in the bin.
مجھے معاف کرنا۔	Forgive me.
ریلوے اسٹیشن یہاں سے قریب ہے۔	The railway station is near here.
ایک درجن کیلے لاؤ۔	Bring a dozen bananas.
ملکہ نے سب کو بلایا۔	The queen called everyone.
شہر کے چوک پر ایک گھڑی ہے۔	There is a clock at the city square.
میں آپ کا تعارف کراتا ہوں۔	Let me introduce you.
یہ جعلی دوا ہے۔	This is fake medicine.
چاندی سفید ہوتی ہے۔	Silver is white.
یہ خالص سونا ہے۔	This is pure gold.
اونٹ پانی کے بغیر رہ سکتا ہے۔	A camel can live without water.
شہد میٹھا ہوتا ہے۔	Honey is sweet.
اسکول کا سالانہ امتحان مارچ میں ہے۔	The school's annual exam is in March.
پھولوں کی بو اچھی ہے۔	The flowers smell nice.
یہ میرا روز کا معمول ہے۔	This is my daily routine.
شادی ایک بڑے ہال میں ہوئی۔	The wedding was held in a big hall.
پہاڑ کی چوٹی بہت اونچی ہے۔	The peak of the mountain is very high.
یہ میری زندگی کا بدترین تجربہ تھا۔	This was the worst experience of my life.
بچوں کو والدین کی اطاعت کرنی چاہیے۔	Children should obey their parents.
یہ ایک پرانا مندر ہے۔	This is an old temple.
ٹیلی فون ایک اہم ایجاد ہے۔	The telephone is an important invention.
اس کی ہنسی بہت پیاری ہے۔	Her laugh is very sweet.
اس نے اپنا قرضہ ادا کر دیا۔	He paid off his loan.
اس سال ہماری آمدنی بڑھی۔	Our income grew this year.
بچے کی مسکراہٹ پیاری ہے۔	The child's smile is lovely.
بائیں مڑو، پھر سیدھے جاؤ۔	Turn left, then go straight.
اس کا انداز منفرد ہے۔	His style is unique.
یہ ایک جائز سوال ہے۔	This is a fair question.
اپنی غلطی کا نتیجہ بھگتو۔	Bear the consequences of your mistake.
پادری چرچ میں ہیں۔	The priest is in the church.
وہ سیڑھیاں چڑھ رہا ہے۔	He is climbing the stairs.
اس نے دیوار پر تصویر چڑھائی۔	He put up the picture on the wall.
جھگڑا مت کرو۔	Don't quarrel.
پانی سے ایک مچھلی ابھری۔	A fish came up out of the water.
ہر قوم کی اپنی تہذیب ہوتی ہے۔	Every nation has its own culture.
نیکی کرو اور دریا میں ڈالو۔	Do good and forget about it.
وہ آپ کے فون کا منتظر ہے۔	He is waiting for your call.
باپ نے بیٹے کو نصیحت کی۔	The father advised his son.
میں نے کھانے کا آرڈر دیا۔	I ordered food.
ہر فرد کی رائے اہم ہے۔	Every individual's opinion is important.
سستی چھوڑو اور کام کرو۔	Give up laziness and work.
بچہ رو رہا ہے۔	The child is crying.
میری نانی کہانیاں سناتی ہیں۔	My grandmother tells stories.
نانی کے گھر جانا ہے۔	We have to go to grandmother's house.
میں ہرگز نہیں جاؤں گا۔	I will never go.
یہ گانا بہت مقبول ہے۔	This song is very popular.
پہاڑوں کی خوبصورتی دیکھو۔	Look at the beauty of the mountains.
اس نے اپنی زندگی تعلیم کے لیے وقف کی۔	He devoted his life to education.
بچے پانی میں کود گئے۔	The children jumped into the water.
کیا آپ نے مجھے پہچانا؟	Did you recognise me?
میں نے اسے آواز سے پہچان لیا۔	I recognised him by his voice.
مزدور صبح سے کام کر رہے ہیں۔	The labourers have been working since morning.
کھانا بہت عمدہ تھا۔	The food was excellent.
حالیہ بارش سے فصل اچھی ہوئی۔	The recent rain made the crop good.
سیلاب سے گاؤں ڈوب گیا۔	The village was flooded.
یہ دوا دن میں دو بار لو۔	Take this medicine twice a day.
بھیڑیا جنگل میں رہتا ہے۔	The wolf lives in the forest.
پانی کی بوتل دیں۔	Give me a bottle of water.
یہ بوتل خالی ہے۔	This bottle is empty.
خون جسم میں گردش کرتا ہے۔	Blood circulates in the body.
چاہے کچھ بھی ہو، سچ بولو۔	Whatever happens, tell the truth.
میں آپ کا حامی ہوں۔	I am your supporter.
کتاب اوپر رکھو۔	Put the book on top.
اوپر والی منزل پر کون رہتا ہے؟	Who lives on the upper floor?
زمین گیلی ہے۔	The ground is wet.
دروازے پر دستک ہوئی۔	There was a knock at the door.
اس نے توبہ کی۔	He repented.
آج چاند بہت خوبصورت ہے۔	The moon is very beautiful tonight.
چاند کی روشنی ٹھنڈی ہے۔	The moonlight is cool.
اس کی آنکھوں میں چمک ہے۔	There is a sparkle in her eyes.
اس نے اپنی غلطی کا اعتراف کیا۔	He admitted his mistake.
یہ ایک چھوٹا جزیرہ ہے۔	This is a small island.
گھر سے اسکول کا فاصلہ کتنا ہے؟	How far is the school from home?
یہ ایک چھوٹا قصبہ ہے۔	This is a small town.
ورزش کا بہت فائدہ ہے۔	Exercise has many benefits.
کتاب کا عنوان کیا ہے؟	What is the title of the book?
چھری سے سبزی کاٹو۔	Cut the vegetables with a knife.
میں اپنے کام سے مطمئن ہوں۔	I am satisfied with my work.
یہ ہمارے لیے ایک آزمائش ہے۔	This is a test for us.
اس درخت کی جڑ گہری ہے۔	This tree's root is deep.
ڈیڑھ گھنٹہ لگے گا۔	It will take an hour and a half.
میڈم، آپ کی کتاب۔	Madam, your book.
میرا دل تیز دھڑک رہا ہے۔	My heart is beating fast.
ملک میں غربت کم ہو رہی ہے۔	Poverty in the country is decreasing.
بچوں نے شور مچایا۔	The children made a racket.
اس کا کوئی ثانی نہیں۔	He has no equal.
مجھے آپ سے کوئی غرض نہیں۔	I have no interest in you.
وہ جرمن زبان بولتا ہے۔	He speaks German.
وہ بہت پتلی ہے۔	She is very thin.
بچہ ڈر کر چیخا۔	The child screamed in fear.
وہ ایک امیر آدمی ہے۔	He is a rich man.
مجھے چنے پسند ہیں۔	I like chickpeas.
کراچی ایک بڑی بندرگاہ ہے۔	Karachi is a big port.
یہ بٹن دباؤ۔	Press this button.
ہم پیدل اسکول جاتے ہیں۔	We walk to school.
یونانی زبان بہت پرانی ہے۔	The Greek language is very old.
کمرے میں ایک چوہا ہے۔	There is a mouse in the room.
بلی نے چوہا پکڑا۔	The cat caught a mouse.
اپنا نام اندراج کے لیے لکھو۔	Write your name for registration.
میری تمنا ہے کہ آپ خوش رہیں۔	My wish is that you stay happy.
ہم میلہ دیکھنے گئے۔	We went to see the fair.
ذرا پرے ہٹو۔	Move a little away.
آج کی ڈیٹ کیا ہے؟	What is today's date?
جتنا کھانا چاہو کھاؤ۔	Eat as much food as you want.
ماں کی شفقت سب سے بڑی ہے۔	A mother's affection is the greatest.
یہ دو ٹکڑے جوڑو۔	Join these two pieces.
کسان نے فصل کاٹی۔	The farmer harvested the crop.
یہ چاقو تیز ہے۔	This knife is sharp.
بس میں مزید گنجائش نہیں۔	There is no more room on the bus.
کھیت کے گرد باڑ ہے۔	There is a fence around the field.
بچے نے لمبی چھلانگ لگائی۔	The child took a long jump.
وہ ایک بیوہ عورت ہے۔	She is a widow.
میں نقد ادائیگی کروں گا۔	I will pay in cash.
اس نے ایک لطیفہ سنایا۔	He told a joke.
میرے دانت میں درد ہے۔	I have a toothache.
روز دانت صاف کرو۔	Brush your teeth every day.
نیم کا درخت مفید ہے۔	The neem tree is useful.
آگے سے دائیں مڑیں۔	Turn right up ahead.
طب ایک اچھا شعبہ ہے۔	Medicine is a good field.
کھیت میں گندم اگتی ہے۔	Wheat grows in the field.
مرغی انڈے دیتی ہے۔	The hen lays eggs.
بچوں کو بھوت کی کہانی پسند ہے۔	Children like ghost stories.
وہ کرکٹ کا دیوانہ ہے۔	He is crazy about cricket.
لوہا ایک دھات ہے۔	Iron is a metal.
مترجم نے کتاب کا ترجمہ کیا۔	The translator translated the book.
مرغ صبح بولتا ہے۔	The rooster crows in the morning.
حسد اچھی چیز نہیں۔	Jealousy is not a good thing.
چور گھر میں گھس گیا۔	The thief got into the house.
وہ بہت ذہین لڑکی ہے۔	She is a very intelligent girl.
ہماری ٹیچر بہت اچھی ہیں۔	Our teacher is very nice.
یہ اس کا آٹھواں سال ہے۔	This is his eighth year.
جوانی میں خوب محنت کرو۔	Work hard in your youth.
اس نے چادر اوڑھی۔	She wrapped herself in a shawl.
درخت کے سائے میں بیٹھو۔	Sit in the shade of the tree.
سب اکٹھے ہو جاؤ۔	Everyone gather together.
یہ دوا جانوروں کے ڈاکٹر نے دی۔	The vet gave this medicine.
اس نے کھڑکی سے باہر جھانکا۔	He peeped out of the window.
کلاس کے تمام بچے آج حاضر ہیں۔	All the children of the class are present today.
میں نے تمام کتابیں پڑھ لی ہیں۔	I have read all the books.
جی ہاں، میں کل ضرور آؤں گا۔	Yes, I will certainly come tomorrow.
جی، میں آپ کی بات سمجھ گیا۔	Yes, I understood what you said.
یہاں ایک نیا اسکول بن رہا ہے۔	A new school is being built here.
ہم مختلف شہروں سے آئے ہیں۔	We have come from different cities.
یہ دونوں کتابیں بالکل مختلف ہیں۔	These two books are completely different.
بچے ایک دوسرے کے ساتھ کھیلتے ہیں۔	The children play with each other.
وہ ڈاکٹر بن گیا ہے۔	He has become a doctor.
استاد کے مطابق امتحان آسان ہوگا۔	According to the teacher the exam will be easy.
خبر کے مطابق کل بارش ہوگی۔	According to the news it will rain tomorrow.
اس نے اپنی بات ثابت کر دی۔	He proved his point.
میرے پاس پانچ روپے ہیں۔	I have five rupees.
اس گاؤں میں ہزار لوگ رہتے ہیں۔	A thousand people live in this village.
یہ وہی لڑکا ہے جو کل آیا تھا۔	This is the same boy who came yesterday.
بچوں کو آپس میں نہیں لڑنا چاہیے۔	Children should not fight with each other.
بلی میز کے نیچے سو رہی ہے۔	The cat is sleeping under the table.
وہ کمرے میں داخل ہو گیا۔	He entered the room.
اس نے اپنے سفر کا بیان کیا۔	He gave an account of his journey.
یہ ہماری قومی زبان ہے۔	This is our national language.
اردو پاکستان کی قومی زبان ہے۔	Urdu is the national language of Pakistan.
میں نے نیا کام شروع کیا ہے۔	I have started a new job.
مہربانی کر کے یہاں بیٹھ جائیں۔	Please sit here.
آپ کی بہت مہربانی۔	Thank you very much for your kindness.
میں روز صبح ایک سیب کھاتا ہوں۔	I eat an apple every morning.
یہ سیب بہت میٹھا ہے۔	This apple is very sweet.
آج کا کھانا بہت مزیدار ہے۔	Today's food is very tasty.
ماں کے ہاتھ کا کھانا مزیدار ہوتا ہے۔	Mother's cooking is delicious.
استاد ہمیں اردو سکھاتے ہیں۔	The teacher teaches us Urdu.
میری ماں نے مجھے کھانا پکانا سکھایا۔	My mother taught me to cook.
صبح کی ہوا بہت ٹھنڈی ہے۔	The morning air is very cool.
آج باہر تیز ہوا چل رہی ہے۔	A strong wind is blowing outside today.
مجھے میٹھا کھانا پسند ہے۔	I like sweet food.
اس کے باغ میں لال پھول ہیں۔	There are red flowers in his garden.
بچے نے پیلا کوٹ پہنا ہے۔	The child is wearing a yellow coat.
پیلا رنگ مجھے اچھا لگتا ہے۔	I like the colour yellow.
ہمارے گھر میں چھ کمرے ہیں۔	There are six rooms in our house.
میرے چھ بہن بھائی ہیں۔	I have six brothers and sisters.
میں آپ کو سب کچھ بتا دوں گا۔	I will tell you everything.
کل شام میں بہت جلدی سو گیا۔	I fell asleep very early yesterday evening.
بچہ کہانی سنتے سنتے سو گیا۔	The child fell asleep while listening to the story.
دکان والے نے قیمت بڑھا دی۔	The shopkeeper raised the price.
کلاس میں طالب علموں کی تعداد بڑھ گئی۔	The number of students in the class has grown.
مجھے سردی کا احساس ہو رہا ہے۔	I am feeling cold.
اس کا بات کرنے کا انداز اچھا ہے۔	He has a nice way of speaking.
پاکستانی کھانے میں بہت مصالحہ ہوتا ہے۔	There is a lot of spice in Pakistani food.
وہ بس سے اتر کر گھر گیا۔	He got off the bus and went home.
یہ ویڈیو میں نے کل بنائی تھی۔	I made this video yesterday.
ایک لمبی سانس لو اور آرام کرو۔	Take a long breath and relax.
بچوں کو شکار پسند نہیں۔	The children don't like hunting.
یہ انتہائی خوبصورت جگہ ہے۔	This is an extremely beautiful place.
آج گرمی کا درجہ بہت زیادہ ہے۔	The level of heat is very high today.
اس کی شخصیت سب کو پسند ہے۔	Everyone likes his personality.
میری خواہش ہے کہ آپ آئیں۔	My wish is that you come.
ڈاکٹر نے مجھے آرام کا مشورہ دیا۔	The doctor advised me to rest.
شہر کے مرکز میں ایک بڑا بازار ہے۔	There is a big market in the city centre.
یہ اسکول تعلیم کا مرکز ہے۔	This school is a centre of learning.
آپ کو شادی مبارک ہو۔	Congratulations on your wedding.
عید مبارک، آپ کیسے ہیں؟	Happy Eid, how are you?
وہ روسی زبان بولتا ہے۔	He speaks Russian.
دریا کے کنارے بہت پتھر ہیں۔	There are many stones on the riverbank.
کسی نے کھڑکی پر پتھر پھینکا۔	Someone threw a stone at the window.
اس گھر کا مالک کون ہے؟	Who is the owner of this house?
دکان کا مالک بہت اچھا آدمی ہے۔	The shop owner is a very good man.
مجھے اس بات پر کوئی شک نہیں۔	I have no doubt about this.
ماضی میں یہ ایک چھوٹا گاؤں تھا۔	In the past this was a small village.
ہماری قوم میں اتحاد ہونا چاہیے۔	There should be unity in our nation.
اس نے اپنی خوشی کا اظہار کیا۔	She expressed her happiness.
مجھے اپنے بیٹے پر فخر ہے۔	I am proud of my son.
میں نے امتحان میں ایک غلطی کی۔	I made a mistake in the exam.
میں نے بازار میں اپنا بٹوا کھو دیا۔	I lost my wallet in the market.
اس نے سارا کھانا کھا لیا۔	He ate up all the food.
بس کی آمد کا وقت کیا ہے؟	What is the arrival time of the bus?
ہمیں اپنی زبان کی قدر کرنی چاہیے۔	We should value our language.
ہم اس کی واپسی کا انتظار کر رہے ہیں۔	We are waiting for his return.
کل رات میں اچانک جاگ گیا۔	I suddenly woke up last night.
اس نے اچانک رونا شروع کر دیا۔	She suddenly started crying.
اسے تیز رفتار سے گاڑی چلانا پسند ہے۔	He likes driving fast.
بچے کی پیدائش پر سب خوش تھے۔	Everyone was happy at the child's birth.
یہ بیگ بہت بھاری ہے۔	This bag is very heavy.
شیر نے زور سے آواز نکالی۔	The lion roared loudly.
یہ عمارت ایک صدی پرانی ہے۔	This building is a century old.
یہ اکیسویں صدی ہے۔	This is the twenty-first century.
ادھر آؤ اور میرے پاس بیٹھو۔	Come here and sit next to me.
میرا گھر ادھر ہے۔	My house is over here.
اس نے جوتوں کا نیا جوڑا خریدا۔	He bought a new pair of shoes.
یہ ایک اچھا جوڑا ہے۔	They are a good couple.
سانپ کا زہر بہت خطرناک ہوتا ہے۔	Snake venom is very dangerous.
میری کاپی میز پر ہے۔	My notebook is on the table.
اس نے کاپی میں سبق لکھا۔	He wrote the lesson in his notebook.
وہ خوشی سے رقص کر رہی تھی۔	She was dancing with joy.
مجھے سائنس پڑھنا پسند ہے۔	I like studying science.
اسے اپنے غصے پر قابو نہیں۔	He has no control over his anger.
باہر سے ایک چیخ کی آواز آئی۔	A scream came from outside.
مجھے رات کو نیند نہیں آتی۔	I can't sleep at night.
بچے کو نیند آ رہی ہے۔	The child is feeling sleepy.
سب طالب علم کلاس میں حاضر تھے۔	All the students were present in class.
یہ بٹن زور سے دباؤ۔	Press this button hard.
اس کی ناک لمبی ہے۔	His nose is long.
ہماری سیٹیں پلیٹ فارم کے قریب ہیں۔	Our seats are near the platform.
مجھے اس کی عقل پر حیرت ہے۔	I am amazed at his wisdom.
اس بچے میں بہت عقل ہے۔	This child is very sensible.
چھت پر بیٹھ کر چائے پیو۔	Sit on the roof and drink tea.
بارش میں چھت سے پانی آ رہا ہے۔	Water is leaking from the roof in the rain.
پانی میں تھوڑا سا نمک ملاؤ۔	Mix a little salt into the water.
یہ کپڑا بہت نرم اور گرم ہے۔	This cloth is very soft and warm.
مجھے اردو ادب پسند ہے۔	I like Urdu literature.
پانی میں تیل مت ڈالو۔	Don't put oil in the water.
ہمیں بچوں کے ساتھ نرم رہنا چاہیے۔	We should be gentle with children.
یہ قدرتی پانی بہت صاف ہے۔	This natural water is very clean.
یہ ایک پیچیدہ مسئلہ ہے۔	This is a complicated problem.
میری انگلی میں درد ہے۔	I have pain in my finger.
اس نے انگلی سے اشارہ کیا۔	He pointed with his finger.
وہ بوڑھا آدمی اندھا ہے۔	That old man is blind.
اپنی صحت کا دھیان رکھو۔	Take care of your health.
یہ دوائی دن میں تین بار لیں۔	Take this medicine three times a day.
ڈاکٹر نے مجھے دوائی دی۔	The doctor gave me medicine.
زمین پر بہت سی مخلوق رہتی ہے۔	Many creatures live on the earth.
بچہ کھانے کے بعد بھی بھوکا ہے۔	The child is still hungry after eating.
اس کے زخم پر پٹی باندھو۔	Tie a bandage on his wound.
اسے مکمل ہوش آ گیا ہے۔	He has fully regained consciousness.
شام کو ہم پارک کی سیر کرتے ہیں۔	In the evening we take a walk in the park.
یہ ایک دینی مدرسہ ہے۔	This is a religious school.
کام پر وقت سے آنا لازمی ہے۔	Coming to work on time is compulsory.
ہر بچے کے لیے تعلیم لازمی ہے۔	Education is compulsory for every child.
اس نے دوست سے کتاب مانگی۔	He asked his friend for a book.
مجھے پاسپورٹ بنوانے میں ایک مہینہ لگا۔	It took me a month to get a passport.
کمرے میں مکمل خاموشی تھی۔	There was complete silence in the room.
آج میں بالکل فارغ ہوں۔	I am completely free today.
کیا آپ شام کو فارغ ہیں؟	Are you free in the evening?
اس کی آنکھوں میں آنسو تھے۔	There were tears in her eyes.
گرمی میں زمین خشک ہو جاتی ہے۔	The ground dries up in summer.
اس نے دور سے اپنے دوست کو پکارا۔	He called to his friend from afar.
اگلے موڑ پر گاڑی موڑ لو۔	Turn the car at the next turn.
میری پیٹھ میں درد ہے۔	I have a backache.
یہ ایک مثبت تبدیلی ہے۔	This is a positive change.
وہ ہر روز نیا بہانہ بناتا ہے۔	He makes a new excuse every day.
بس اسٹاپ پر بہت بھیڑ ہے۔	There is a big crowd at the bus stop.
ہر انسان جینا چاہتا ہے۔	Every human wants to live.
کھڑکی کا پردہ بند کر دو۔	Close the window curtain.
بچے فرش پر بیٹھ کر کھیل رہے ہیں۔	The children are sitting on the floor playing.
کسان کھیت میں ہل چلا رہا ہے۔	The farmer is ploughing the field.
یہ کسی معجزے سے کم نہیں۔	This is nothing short of a miracle.
دروازے پر ایک محافظ کھڑا ہے۔	A guard is standing at the door.
میزبان نے مہمانوں کو کھانا دیا۔	The host gave the guests food.
ہمیں سب کے ساتھ اچھا سلوک کرنا چاہیے۔	We should treat everyone well.
اس نے یونیورسٹی سے ڈگری لی۔	She got a degree from the university.
ہمیں اپنے بزرگوں کا احترام کرنا چاہیے۔	We should respect our elders.
یہ دوا جعلی لگتی ہے۔	This medicine looks fake.
آج کا جشن بہت اچھا تھا۔	Today's celebration was very good.
یہ چاندی کا گلاس ہے۔	This is a silver glass.
یہ دودھ خالص نہیں ہے۔	This milk is not pure.
میں چائے میں شہد ڈالتا ہوں۔	I put honey in my tea.
کہانی کی ابتدا بہت اچھی ہے۔	The beginning of the story is very good.
کھانے کی بو بہت اچھی ہے۔	The food smells very good.
مجھے سو روپے کا نوٹ دیں۔	Give me a hundred-rupee note.
اس نے ایک نوٹ لکھ کر دیا۔	He wrote a note and gave it.
روز اردو کی مشق کرو۔	Practise Urdu every day.
بچے نے ہاتھ ہلا کر خدا حافظ کہا۔	The child waved goodbye.
اس نے ایک خوبصورت نظم لکھی۔	She wrote a beautiful poem.
فون کی گھنٹی بج رہی ہے۔	The phone is ringing.
یہ شیشہ بہت نازک ہے۔	This glass is very delicate.
بستر پر مت کودو۔	Don't jump on the bed.
یہ وقفہ صرف دس منٹ کا ہے۔	This break is only ten minutes.
پیسے جیب میں رکھو۔	Keep the money in your pocket.
یہ ایک قیمتی انگوٹھی ہے۔	This is a valuable ring.
کل دونوں بھائیوں میں جھگڑا ہوا۔	The two brothers quarrelled yesterday.
بچے نے امتحان سے پہلے گھبرا کر رونا شروع کیا۔	The child panicked before the exam and started crying.
سردی میں گرم کپڑوں کی مانگ بڑھ جاتی ہے۔	In winter the demand for warm clothes rises.
اس نے مجھے اچھی نوکری کی پیشکش کی۔	He offered me a good job.
میں ہر صبح چھ بجے جاگتا ہوں۔	I wake up at six every morning.
اس کیمرے سے اچھی تصویریں آتی ہیں۔	This camera takes good pictures.
مجھے اپنا بچپن یاد آتا ہے۔	I remember my childhood.
سیدھا جائیں اور پھر بائیں مڑیں۔	Go straight and then turn left.
ہم ٹیکسی سے اسٹیشن گئے۔	We went to the station by taxi.
مجھے یہ گیت بہت پسند ہے۔	I like this song very much.
اس کا بھائی بہت موٹا ہے۔	His brother is very fat.
میرے نانا بہت اچھے انسان تھے۔	My maternal grandfather was a very good man.
دیوار پر تصویر لٹکا دو۔	Hang the picture on the wall.
پہاڑ کے پاس ایک خوبصورت جھیل ہے۔	There is a beautiful lake near the mountain.
پاکستان کا جھنڈا سبز اور سفید ہے۔	Pakistan's flag is green and white.
میرے فون کی بیٹری ختم ہو گئی۔	My phone's battery has run out.
ہم لفٹ سے تیسری منزل پر گئے۔	We went to the third floor by lift.
میرے دادا کی لمبی داڑھی ہے۔	My grandfather has a long beard.
ان کے گھر میں ایک بڑا تالا ہے۔	There is a big lock on their house.
دروازے پر تالا لگا ہوا ہے۔	The door is locked.
اسے بہت پیاس لگی ہے۔	He is very thirsty.
ہمیں روز ورزش کرنی چاہیے۔	We should exercise every day.
ایک گلاس پانی دیں۔	Give me a glass of water.
مجھے یہ فلم دیکھ کر بور لگا۔	I felt bored watching this film.
کیڑے نے پتا کھا لیا۔	The insect ate the leaf.
ڈاکٹر نے چینی سے پرہیز بتایا۔	The doctor told him to avoid sugar.
یہاں سگریٹ پینا منع ہے۔	Smoking is not allowed here.
پہاڑوں پر آکسیجن کم ہوتی ہے۔	There is less oxygen in the mountains.
یہ اطالوی کھانا بہت مزیدار ہے۔	This Italian food is very tasty.
پودے دھوپ میں جلدی اگتے ہیں۔	Plants grow quickly in the sun.
مرغی کا گوشت مجھے پسند ہے۔	I like chicken meat.
یہ کرسی لوہے کی ہے۔	This chair is made of iron.
مرغ صبح صبح بولنے لگتا ہے۔	The rooster starts crowing early in the morning.
یہ اس کی بہن کی تصویر ہے۔	This is a picture of her sister.
باغ میں گلاب کے پھول کھلے ہیں۔	Roses have bloomed in the garden.
اس نے افواہ پر یقین کر لیا۔	He believed the rumour.
ہماری ٹیچر ہمیں کہانیاں سناتی ہیں۔	Our teacher tells us stories.
میری نانی گاؤں میں رہتی ہیں۔	My grandmother lives in the village.
ایک بیوہ عورت نے بچوں کو پالا۔	A widowed woman raised the children.
نیم کے پتے دوا میں کام آتے ہیں۔	Neem leaves are used in medicine.
یہ چاقو بہت تیز ہے، احتیاط کرو۔	This knife is very sharp, be careful.
اس نے ہمیں بہت شفقت دی۔	He gave us a lot of affection.
پرانے زمانے میں توپ استعمال ہوتی تھی۔	In the old days cannons were used.
سونا ایک قیمتی دھات ہے۔	Gold is a precious metal.
سردی میں چادر اوڑھ لو۔	Wrap yourself in a shawl in the cold.
سب لوگ یہاں اکٹھے ہوئے۔	Everyone gathered here.
جوانی میں وہ بہت طاقتور تھا۔	He was very strong in his youth.
اس نے امتحان میں اچھے نمبر لیے، وہ بہت ذہین ہے۔	He got good marks in the exam; he is very clever.
حسد انسان کو اندر سے کھا جاتا ہے۔	Jealousy eats a person up from inside.
میلے میں بہت سے لوگ آئے۔	Many people came to the fair.
اسے اپنی تمنا پوری ہونے کی امید ہے۔	He hopes his wish will come true.
ہمیں ہر روز سبق دہرانا چاہیے۔	We should revise the lesson every day.
بخیر و عافیت پہنچنے کی دعا ہے۔	I pray that you arrive safe and sound.
صبح بخیر، آپ کیسے ہیں؟	Good morning, how are you?
شب بخیر، کل ملیں گے۔	Good night, see you tomorrow.
وہ دھیرے دھیرے چل رہا تھا۔	He was walking slowly.
آپ کی پہچان آپ کا کام ہے۔	Your work is your identity.
بچوں کو تفریح کے لیے پارک لے جاؤ۔	Take the children to the park for fun.
چھٹی کے دن ہم تفریح کرتے ہیں۔	We have fun on holidays.
کمپنی کے سیکرٹری نے خط لکھا۔	The company secretary wrote a letter.
سیکرٹری صاحب آج دفتر میں نہیں ہیں۔	The secretary is not in the office today.
آج رات میری ڈیوٹی ہسپتال میں ہے۔	Tonight my shift is at the hospital.
پولیس والا اپنی ڈیوٹی پر ہے۔	The policeman is on duty.
بازار جانے سے پہلے لسٹ بنا لو۔	Make a list before going to the market.
اس لسٹ میں آپ کا نام نہیں ہے۔	Your name is not on this list.
براہ کرم اپنا ایڈریس لکھ دیں۔	Please write down your address.
میرے پاس اس کا ایڈریس نہیں ہے۔	I don't have his address.
جنگل میں جنگلی جانور رہتے ہیں۔	Wild animals live in the forest.
یہ جنگلی پھول بہت خوبصورت ہیں۔	These wild flowers are very beautiful.
بچے سفر کے لیے بہت پرجوش ہیں۔	The children are very excited about the trip.
وہ نئی نوکری کے بارے میں پرجوش ہے۔	He is excited about the new job.
گاؤں میں سواری کے لیے گھوڑے ہیں۔	There are horses for riding in the village.
بس ایک سستی سواری ہے۔	The bus is a cheap way to travel.
ہماری ٹیم کل میچ ہار گئی۔	Our team lost the match yesterday.
ہارنا اور جیتنا کھیل کا حصہ ہے۔	Losing and winning are part of the game.
بزرگوں کی باتوں میں حکمت ہوتی ہے۔	There is wisdom in the words of elders.
اس نے بڑی حکمت سے کام لیا۔	He acted very wisely.
قافلہ رات کو ایک گاؤں میں رکا۔	The caravan stopped in a village at night.
اس کا دوست ایرانی ہے۔	His friend is Iranian.
ایرانی کھانا بہت مزیدار ہوتا ہے۔	Iranian food is very tasty.
اس شہر میں کپڑے کی صنعت ہے۔	There is a textile industry in this city.
صنعت سے ملک ترقی کرتا ہے۔	A country progresses through industry.
اس نے ایک اچھا افسانہ لکھا۔	He wrote a good short story.
مجھے اردو افسانے پڑھنا پسند ہے۔	I like reading Urdu short stories.
اپنے کاغذات ساتھ لے کر آئیں۔	Bring your papers with you.
میرے کاغذات میز پر ہیں۔	My papers are on the table.
نوجوانوں کو روزگار چاہیے۔	Young people need employment.
شہر میں روزگار کے موقع زیادہ ہیں۔	There are more job opportunities in the city.
یہ ہماری خاندانی روایت ہے۔	This is our family tradition.
یہ گھر ہماری خاندانی جائیداد ہے۔	This house is our family property.
سفیر نے صدر سے ملاقات کی۔	The ambassador met the president.
دیوار میں ایک کیل لگاؤ۔	Put a nail in the wall.
یہ کیل بہت چھوٹی ہے۔	This nail is very small.
سچ بولنا ایک اخلاقی فرض ہے۔	Telling the truth is a moral duty.
آگ کا شعلہ بہت اونچا تھا۔	The flame of the fire was very high.
شہر میں کتابوں کی نمائش ہو رہی ہے۔	A book exhibition is taking place in the city.
ہم تصویروں کی نمائش دیکھنے گئے۔	We went to see a picture exhibition.
پتنگ کی ڈور ٹوٹ گئی۔	The kite string broke.
آپ کی دلیل بہت مضبوط ہے۔	Your argument is very strong.
وہ باقاعدہ ورزش کرتا ہے۔	He exercises regularly.
وہ باقاعدہ اسکول آتا ہے۔	He comes to school regularly.
نرس نے اس کے ہاتھ پر پٹی باندھی۔	The nurse bandaged his hand.
کہانی میں بادشاہ بہت ظالم تھا۔	In the story the king was very cruel.
اس کی صحت میں بہتری آ رہی ہے۔	His health is improving.
ملک کی اقتصادی حالت بہتر ہے۔	The country's economic condition is better.
سپاہی کی بہادری کی سب نے تعریف کی۔	Everyone praised the soldier's bravery.
کہانی میں ایک رانی بھی تھی۔	There was also a queen in the story.
ہم نے کتابوں کا تبادلہ کیا۔	We exchanged books.
اس کا تبادلہ دوسرے شہر میں ہو گیا۔	He was transferred to another city.
یہ اس کی تقدیر میں تھا۔	It was in his destiny.
میرا بھائی ایک کاروباری آدمی ہے۔	My brother is a businessman.
ڈاکٹر نے دوا کا نسخہ لکھا۔	The doctor wrote a prescription.
اس نسخے کی دوا بازار سے لاؤ۔	Get the medicine on this prescription from the market.
میرا ضمیر مجھے اجازت نہیں دیتا۔	My conscience does not allow me.
شکاری نے تیر چلایا۔	The hunter shot an arrow.
ہرا رنگ آنکھوں کے لیے اچھا ہے۔	Green is good for the eyes.
اس کے باغ میں ہری گھاس ہے۔	There is green grass in his garden.
بچے نے گلاس زمین پر گرا دیا۔	The child dropped the glass on the floor.
درخت سے پھل مت گراؤ۔	Don't knock the fruit off the tree.
ہر ملک کی اپنی ثقافت ہوتی ہے۔	Every country has its own culture.
مجھے پاکستانی ثقافت پسند ہے۔	I like Pakistani culture.
شادی بڑی شان سے ہوئی۔	The wedding was held in great style.
میز پر کتابوں کا ڈھیر ہے۔	There is a pile of books on the table.
کمرے میں کپڑوں کا ڈھیر لگا ہے۔	There is a heap of clothes in the room.
ہر انسان کی کوئی کمزوری ہوتی ہے۔	Every person has some weakness.
بیماری کے بعد مجھے کمزوری ہے۔	I feel weak after the illness.
اسکول کے نظام میں اصلاح کی ضرورت ہے۔	The school system needs reform.
اس کے امتحان میں اوسط نمبر آئے۔	He got average marks in the exam.
یہاں اوسط درجہ حرارت تیس ہے۔	The average temperature here is thirty.
وہ پیچھے پلٹ کر دیکھنے لگا۔	He turned back and started looking.
اس کے لب خاموش تھے۔	Her lips were silent.
پولیس والوں کی وردی نیلی ہے۔	The policemen's uniform is blue.
اسکول کی وردی صاف رکھو۔	Keep your school uniform clean.
بچی نے پری کی کہانی سنی۔	The girl listened to a fairy tale.
اردو میں کتنے حرف ہیں؟	How many letters are there in Urdu?
اس کا قد بہت لمبا ہے۔	He is very tall.
ایمانداری سب سے اچھی پالیسی ہے۔	Honesty is the best policy.
اسے فلسفہ پڑھنا پسند ہے۔	He likes studying philosophy.
بجلی کا تار ٹوٹ گیا ہے۔	The electric wire is broken.
رات کو ہمیں کوئی ٹھکانا نہیں ملا۔	We found no place to stay at night.
حکومت نے پانی مہیا کیا۔	The government supplied water.
وہ اپنے باپ کا واحد وارث ہے۔	He is his father's only heir.
ایسا کام صرف احمق کرتے ہیں۔	Only fools do such a thing.
شکاری جنگل میں گیا۔	The hunter went into the forest.
عید سے پہلے بازار میں خریداری ہوتی ہے۔	There is shopping in the market before Eid.
ہم نے شام کو خریداری کی۔	We went shopping in the evening.
یہ ایک معیاری اسکول ہے۔	This is a quality school.
میرے کندھے میں درد ہے۔	I have a pain in my shoulder.
اس نے بیٹے کے کندھے پر ہاتھ رکھا۔	He put his hand on his son's shoulder.
میری ساس بہت اچھی ہیں۔	My mother-in-law is very nice.
کاغذ پر ایک سیدھی لکیر کھینچو۔	Draw a straight line on the paper.
ڈاکٹر نے مریض کا معائنہ کیا۔	The doctor examined the patient.
پانی کا ایک قطرہ بھی نہیں بچا۔	Not even a drop of water was left.
اس گانے سے اسے بہت شہرت ملی۔	This song brought her a lot of fame.
یہ ایک سائنسی کتاب ہے۔	This is a science book.
ہمیں پیسوں کی بچت کرنی چاہیے۔	We should save money.
سیلاب ایک بڑی آفت تھی۔	The flood was a great disaster.
مجھے آلو کے پراٹھے پسند ہیں۔	I like potato parathas.
بچے ٹی وی پر کارٹون دیکھ رہے ہیں۔	The children are watching cartoons on TV.
اس کی اداکاری بہت اچھی ہے۔	His acting is very good.
ان کا بچہ کل سے لاپتہ ہے۔	Their child has been missing since yesterday.
بچوں میں شعور بڑھ رہا ہے۔	Awareness is growing among children.
مسجد کا گنبد سنہرا ہے۔	The mosque's dome is golden.
دکان پر کپڑوں پر چھوٹ ہے۔	There is a discount on clothes at the shop.
ماں نے بچے کو تسلی دی۔	The mother comforted the child.
میرے موزے کہاں ہیں؟	Where are my socks?
اس نے سردی میں گرم موزے پہنے۔	He wore warm socks in the cold.
یہ جائیداد ان کے دادا کی ہے۔	This property belongs to their grandfather.
مہمانوں کو رخصت کرنے ہم باہر گئے۔	We went outside to see the guests off.
آج بہت زور سے بارش برسی۔	It rained very heavily today.
برف ایک ٹھوس چیز ہے۔	Ice is a solid thing.
بچے نے دوا نگل لی۔	The child swallowed the medicine.
ہم نے شادی کے لیے گھر سجایا۔	We decorated the house for the wedding.
آداب، آپ کیسے ہیں؟	Greetings, how are you?
بزدل لوگ سچ نہیں بولتے۔	Cowardly people don't tell the truth.
وہ محنت سے روزی کماتا ہے۔	He earns his living through hard work.
ماں گھریلو کام کرتی ہیں۔	Mother does the housework.
مجھے امریکہ کا ویزا مل گیا۔	I got a visa for America.
لالچ بری بلا ہے۔	Greed is a bad thing.
میرا بھائی ایک انجینئر ہے۔	My brother is an engineer.
بخار سے میرا بدن گرم ہے۔	My body is hot with fever.
یہ منظر بہت دلکش ہے۔	This view is very charming.
یہ لکڑی دس انچ لمبی ہے۔	This wood is ten inches long.
دہی صحت کے لیے اچھا ہے۔	Yogurt is good for health.
مجھے تنہائی پسند نہیں۔	I don't like loneliness.
اس نے میری نوکری کی سفارش کی۔	He recommended me for the job.
ہمارے کمرے علیحدہ ہیں۔	Our rooms are separate.
دادی نے ایک پرانا قصہ سنایا۔	Grandmother told an old tale.
اس نے زبردستی میرا بیگ لیا۔	He took my bag by force.
اس گھر کی لاگت بہت زیادہ ہے۔	The cost of this house is very high.
گاڑی میں ایندھن ختم ہو گیا۔	The car ran out of fuel.
استاد نے سختی سے بات کی۔	The teacher spoke sternly.
وہ کرسی گھسیٹ کر لایا۔	He dragged the chair over.
وہ شہر کا بادشاہ کہلاتا ہے۔	He is called the king of the city.
فضول باتیں مت کرو۔	Don't talk nonsense.
پیسے فضول مت خرچ کرو۔	Don't waste money.
رشوت لینا جرم ہے۔	Taking a bribe is a crime.
حکومت نے نیا بجٹ پیش کیا۔	The government presented a new budget.
بھیڑ کی کھال سے کوٹ بنتا ہے۔	Coats are made from sheepskin.
ہمیں غریبوں سے ہمدردی ہے۔	We have sympathy for the poor.
کسان کھیت میں مکئی اگاتا ہے۔	The farmer grows corn in the field.
ہم نے پہاڑ پر خیمہ لگایا۔	We pitched a tent on the mountain.
وہ پورے شہر میں بدنام ہے۔	He is notorious in the whole city.
اپنا کام کر کے مجھے اطمینان ہوا۔	I felt satisfied after doing my work.
یہ مکان کرائے کا ہے۔	This house is rented.
ہم نے نیا مکان خریدا۔	We bought a new house.
ہوا سے کاغذ بکھر گئے۔	The papers scattered in the wind.
میری کمر میں درد ہے۔	I have a pain in my lower back.
دوسروں کی بھلائی کے لیے کام کرو۔	Work for the good of others.
اس نے فلم پر تبصرہ کیا۔	He commented on the film.
رات بہت تاریک تھی۔	The night was very dark.
اس کے ہونٹ سردی سے سوکھ گئے۔	His lips dried up in the cold.
پہاڑ میں ایک بڑا غار ہے۔	There is a big cave in the mountain.
چڑیا گھر میں بندر کھیل رہے ہیں۔	The monkeys are playing in the zoo.
بندر درخت پر بیٹھا ہے۔	The monkey is sitting in the tree.
بچے کے بال الجھ گئے۔	The child's hair got tangled.
کھانے کو ڈھک کر رکھو۔	Keep the food covered.
اس کا رویہ بہت اچھا ہے۔	His attitude is very good.
نئے کام کی شروعات اچھی ہوئی۔	The new work started well.
روزے کے بعد کھجور کھاتے ہیں۔	Dates are eaten after a fast.
وہ اپنے مالک کا وفادار خادم ہے۔	He is his master's loyal servant.
دل کی دھڑکن تیز ہو گئی۔	The heartbeat became fast.
اس نے ایک پیارا نغمہ گایا۔	She sang a lovely song.
یہ میرا پیارا بھائی ہے۔	This is my dear brother.
بچے نے کھلونے کی ضد کی۔	The child insisted on a toy.
سورج طلوع ہو رہا ہے۔	The sun is rising.
یہ ہفتے کا ساتواں دن ہے۔	This is the seventh day of the week.
وہ بہت بھولا بچہ ہے۔	He is a very innocent child.
ماں نے بچوں میں مٹھائی بانٹی۔	Mother shared sweets among the children.
ایک تہائی کام ابھی باقی ہے۔	A third of the work is still left.
سردی سے پانی منجمد ہو گیا۔	The water froze in the cold.
اس میں کام کا بہت جذبہ ہے۔	He has a lot of passion for work.
یہ ایک نایاب پرندہ ہے۔	This is a rare bird.
ہمارے محلے میں ایک مسجد ہے۔	There is a mosque in our neighbourhood.
مجھے اس غریب پر ترس آتا ہے۔	I feel pity for this poor man.
بچوں کے لیے کئی سرگرمیاں ہیں۔	There are many activities for children.
تمباکو صحت کے لیے نقصان دہ ہے۔	Tobacco is harmful to health.
اس کی باتوں نے سب کو متوجہ کیا۔	His words caught everyone's attention.
کمپیوٹر میں کچھ گڑبڑ ہے۔	There is something wrong with the computer.
یہ ہمارے گاؤں کا دستور ہے۔	This is the custom of our village.
ٹوکری میں سیب ہیں۔	There are apples in the basket.
دادی ہمیشہ ایک کہاوت سناتی ہیں۔	Grandmother always tells a proverb.
کتا ایک وفادار جانور ہے۔	The dog is a loyal animal.
مجھے اندھیرے میں ڈر لگتا ہے۔	I feel scared in the dark.
وہ چھٹی جماعت میں پڑھتا ہے۔	He studies in the sixth grade.
یہ کام ابھی ادھورا ہے۔	This work is still incomplete.
صبح کی فضا بہت اچھی ہوتی ہے۔	The morning air is very pleasant.
وہ ایک ہمدرد انسان ہے۔	He is a kind person.
روٹی آٹے سے بنتی ہے۔	Bread is made from flour.
آج شہر میں ہڑتال ہے۔	There is a strike in the city today.
اس نے سونے کا زیور پہنا۔	She wore gold jewellery.
پرانے کپڑے صندوق میں رکھو۔	Keep the old clothes in the trunk.
گرمی میں بہت پسینہ آتا ہے۔	You sweat a lot in the heat.
کہانی کا خلاصہ لکھو۔	Write a summary of the story.
اس نے مٹھی میں سکے پکڑے۔	He held the coins in his fist.
دروازے کی گھنٹی بجی۔	The doorbell rang.
ماں نے بچے کا ماتھا چوما۔	The mother kissed the child's forehead.
آپ کو کامیابی کی مبارکباد۔	Congratulations on your success.
درخت کی شاخ ٹوٹ گئی۔	The tree branch broke.
قمیض پر چائے کا داغ ہے۔	There is a tea stain on the shirt.
خدا آپ کو سلامت رکھے۔	May God keep you safe.
ماں نے فرش پر چادر بچھائی۔	Mother spread a sheet on the floor.
یہ ایک رسمی ملاقات تھی۔	This was a formal meeting.
سونے سے پہلے بتی بجھا دو۔	Turn off the light before sleeping.
وہ سب پر بہت مہربان ہے۔	He is very kind to everyone.
اسے کام کا اچھا معاوضہ ملا۔	He got good pay for the work.
عید پر ہم مٹھائی کھاتے ہیں۔	We eat sweets at Eid.
کھانا پکانا ایک ہنر ہے۔	Cooking is a skill.
کچرا کوڑے دان میں ڈالو۔	Put the trash in the bin.
شام کو دوستوں کی محفل ہوئی۔	There was a gathering of friends in the evening.
یہ کرسی معذور لوگوں کے لیے ہے۔	This chair is for disabled people.
ہم ہر مہینے قسط دیتے ہیں۔	We pay an instalment every month.
دلہن بہت خوبصورت لگ رہی تھی۔	The bride was looking very beautiful.
ایک کلو میں ہزار گرام ہوتے ہیں۔	There are a thousand grams in a kilo.
میں نے ڈاک سے خط بھیجا۔	I sent the letter by post.
یہ درمیانی کمرہ میرا ہے۔	This middle room is mine.
وہ بیوقوف نہیں، بہت ہوشیار ہے۔	He is not stupid; he is very clever.
زلزلے سے زمین ہلنے لگی۔	The ground started shaking in the earthquake.
چور نے اس کا فون چھین لیا۔	The thief snatched his phone.
یہ دوا بہت تلخ ہے۔	This medicine is very bitter.
اس کے سینے میں درد ہے۔	He has chest pain.
یہ لکھا ہوا مٹا دو۔	Erase what is written.
اماں جان کھانا پکا رہی ہیں۔	Mother is cooking food.
انکل کل ہمارے گھر آئیں گے۔	Uncle will come to our house tomorrow.
ہسپتال کا عملہ بہت اچھا ہے۔	The hospital staff is very good.
چوکیدار رات کو جاگتا ہے۔	The watchman stays awake at night.
درخت کا سایہ ٹھنڈا ہے۔	The tree's shade is cool.
ننھا بچہ سو رہا ہے۔	The little baby is sleeping.
گاؤں میں ایک پرانا کنواں ہے۔	There is an old well in the village.
عید ایک بڑا تہوار ہے۔	Eid is a big festival.
بہت سے سیاح لاہور آتے ہیں۔	Many tourists come to Lahore.
وہ ایک سمجھدار لڑکی ہے۔	She is a sensible girl.
جلدی ایمبولینس بلاؤ۔	Call an ambulance quickly.
استاد کا ہر شاگرد محنتی ہے۔	Every pupil of the teacher is hardworking.
مجھے شادی میں مدعو کیا گیا۔	I was invited to the wedding.
پولیس رات کو گشت کرتی ہے۔	The police patrol at night.
شمالی علاقوں میں سیاحت بڑھ رہی ہے۔	Tourism is growing in the northern areas.
بارش سے موسم بگڑ گیا۔	The weather turned bad because of the rain.
میرا چشمہ کہاں ہے؟	Where are my glasses?
پہاڑ سے پانی کا چشمہ نکلتا ہے۔	A spring flows from the mountain.
شیر ایک طاقتور حیوان ہے۔	The lion is a powerful animal.
پھل صحت مند غذا ہیں۔	Fruits are healthy food.
ہم وقت کے پابند ہیں۔	We are punctual.
اس نے ہاتھ رگڑ کر صاف کیے۔	He rubbed his hands clean.
یہ سانپ زہریلا ہے۔	This snake is poisonous.
دادا اپنے پوتے سے پیار کرتے ہیں۔	Grandfather loves his grandson.
پاؤں میں کانٹا چبھ گیا۔	A thorn pricked my foot.
صبح بہت دھند تھی۔	It was very foggy in the morning.
شاباش، تم نے اچھا کام کیا۔	Well done, you did good work.
اس کی سادگی سب کو پسند ہے۔	Everyone likes her simplicity.
پانی کا پائپ ٹوٹ گیا۔	The water pipe broke.
بچے نے گیند اوپر اچھالی۔	The child tossed the ball up.
یہ ہماری روزمرہ کی زندگی ہے۔	This is our daily life.
اس کا پرس کھو گیا۔	Her purse was lost.
وہ اب بالغ ہو گیا ہے۔	He is now an adult.
پہاڑ سے ایک آبشار گرتی ہے۔	A waterfall comes down from the mountain.
اس کی پیشانی پر پسینہ ہے۔	There is sweat on his forehead.
اس پہاڑ کی اونچائی بہت ہے۔	This mountain is very high.
ماں باپ نے ہماری اچھی پرورش کی۔	Our parents brought us up well.
گرمیوں میں آم بہت ملتے ہیں۔	Mangoes are plentiful in summer.
سڑک پر تماشا دیکھنے لوگ جمع ہو گئے۔	People gathered on the road to watch the show.
ہمارے پڑوس میں نیا خاندان آیا ہے۔	A new family has moved into our neighbourhood.
چوک پر ایک بڑا مجسمہ ہے۔	There is a big statue at the square.
ماں صبح جھاڑو دیتی ہیں۔	Mother sweeps in the morning.
زیادہ کھانے سے معدہ خراب ہوتا ہے۔	Eating too much upsets the stomach.
سردی میں دستانے پہنو۔	Wear gloves in the cold.
اپنے ناخن صاف رکھو۔	Keep your nails clean.
آگ سے دھواں نکل رہا ہے۔	Smoke is coming from the fire.
کسان نے کنواں کھودا۔	The farmer dug a well.
گاؤں کے تالاب میں مچھلیاں ہیں۔	There are fish in the village pond.
خرگوش بہت تیز بھاگتا ہے۔	The rabbit runs very fast.
اس کے ہار میں موتی ہیں۔	There are pearls in her necklace.
بچے صحن میں کھیل رہے ہیں۔	The children are playing in the courtyard.
پیاسا کوا پانی ڈھونڈ رہا تھا۔	The thirsty crow was looking for water.
اس مکان کا کرایہ کتنا ہے؟	How much is the rent of this house?
یہ ایک پرانی حویلی ہے۔	This is an old mansion.
اس مہینے خرچہ زیادہ ہو گیا۔	Expenses went up this month.
وہ مجھ سے ناراض ہے۔	He is angry with me.
پمپ سے پانی نکالو۔	Draw the water with the pump.
سڑک پر بہت دھول ہے۔	There is a lot of dust on the road.
دوپہر کا پہر گرم ہوتا ہے۔	The afternoon hours are hot.
وہ ایک مشہور سائنسدان ہے۔	He is a famous scientist.
دادا لاٹھی کے ساتھ چلتے ہیں۔	Grandfather walks with a stick.
میری ماہانہ تنخواہ کم ہے۔	My monthly salary is low.
وہ بچہ گونگا ہے۔	That child is mute.
شہر میں ایک اونچا مینار ہے۔	There is a tall minaret in the city.
مجھے آپ پر پورا بھروسا ہے۔	I trust you completely.
کہانی میں ایک جادوگر تھا۔	There was a magician in the story.
دکان والے سے رسید لو۔	Get a receipt from the shopkeeper.
وہ ہمیشہ سب کا مددگار ہے۔	He is always helpful to everyone.
سمندر کے کنارے ایک بڑی چٹان ہے۔	There is a big rock on the seashore.
پہاڑوں میں ریچھ رہتے ہیں۔	Bears live in the mountains.
ڈاکو نے گاڑی روکی۔	The bandit stopped the car.
شادی ایک مضبوط بندھن ہے۔	Marriage is a strong bond.
سورج غروب ہو رہا ہے۔	The sun is setting.
یہ میوے بہت مہنگے ہیں۔	These dried fruits are very expensive.
گرم پانی سے بھاپ نکلتی ہے۔	Steam rises from hot water.
آپ کے گھر میں سب خیریت ہے؟	Is everyone well at your home?
دادا جی تاش کھیل رہے ہیں۔	Grandfather is playing cards.
اس نے تھیلا اٹھایا اور بازار گیا۔	He picked up the bag and went to the market.
غرور اچھی چیز نہیں۔	Pride is not a good thing.
دادی کی یادداشت کمزور ہو گئی ہے۔	Grandmother's memory has become weak.
وہ اپنے ماں باپ کا اکلوتا بیٹا ہے۔	He is his parents' only son.
بڑھاپے میں آرام ضروری ہے۔	Rest is necessary in old age.
گاؤں میں بہت مویشی ہیں۔	There is a lot of livestock in the village.
اس کے انگوٹھے پر چوٹ لگی۔	His thumb got hurt.
اس نے رومال سے منہ صاف کیا۔	He wiped his face with a handkerchief.
ماں نے گاجر کا حلوہ بنایا۔	Mother made carrot halwa.
اس کے چہرے پر اداسی تھی۔	There was sadness on his face.
سردی میں کمبل اوڑھ لو۔	Cover yourself with a blanket in the cold.
گاڑی کا پہیا ٹوٹ گیا۔	The car's wheel broke.
کمرے میں نیا قالین ہے۔	There is a new carpet in the room.
اس لفظ کا تلفظ مشکل ہے۔	The pronunciation of this word is difficult.
شادی میں کئی پکوان تھے۔	There were many dishes at the wedding.
وہ کرکٹ کا شوقین ہے۔	He is fond of cricket.
بارش میں میرے کپڑے بھیگ گئے۔	My clothes got wet in the rain.
ماں کچن میں کھانا بنا رہی ہیں۔	Mother is cooking in the kitchen.
لومڑی بہت چالاک ہوتی ہے۔	The fox is very clever.
بچے کے گال لال ہیں۔	The child's cheeks are red.
کھانا چکھ کر بتاؤ۔	Taste the food and tell me.
یہ بچہ بہت ضدی ہے۔	This child is very stubborn.
مجھے پودینے کی چٹنی پسند ہے۔	I like mint chutney.
وہ بہت غمگین لگ رہا تھا۔	He was looking very sad.
یہ پتلون ڈھیلی ہے۔	These trousers are loose.
سالن میں مرچ زیادہ ہے۔	There is too much chilli in the curry.
پنسل کے ساتھ ربڑ بھی لاؤ۔	Bring an eraser along with the pencil.
مجھے کباب بہت پسند ہیں۔	I like kebabs very much.
ہتھوڑے سے کیل لگاؤ۔	Drive the nail in with a hammer.
گدھا بوجھ اٹھاتا ہے۔	The donkey carries loads.
بالٹی میں پانی بھر دو۔	Fill the bucket with water.
میرا بھتیجا اسکول جاتا ہے۔	My nephew goes to school.
اسے کئی دن سے کھانسی ہے۔	He has had a cough for several days.
قینچی سے کاغذ کاٹو۔	Cut the paper with scissors.
اس کارخانے میں کپڑا بنتا ہے۔	Cloth is made in this factory.
آم کی مٹھاس لاجواب ہے۔	The sweetness of mangoes is wonderful.
بارش میں میرا پاؤں پھسل گیا۔	My foot slipped in the rain.
اس کی کہنی پر چوٹ لگی۔	He hurt his elbow.
اس کا لباس جامنی رنگ کا ہے۔	Her dress is purple.
بچی گڑیا سے کھیل رہی ہے۔	The girl is playing with a doll.
یہ آڑو بہت رس دار ہے۔	This peach is very juicy.
ہماری استانی بہت محنتی ہیں۔	Our teacher is very hardworking.
صحرا کو ریگستان بھی کہتے ہیں۔	A desert is also called registan.
مجھے روٹی کے ساتھ پنیر پسند ہے۔	I like cheese with bread.
اس نے نئی پتلون پہنی۔	He wore new trousers.
چوہا دیوار کے سوراخ میں گھس گیا۔	The mouse went into the hole in the wall.
اس نے اپنا سارا پیسہ گنوا دیا۔	He lost all his money.
اس کے میٹھے بول سب کو پسند ہیں۔	Everyone likes his sweet words.
شادی میں ڈھول بج رہا تھا۔	The drum was playing at the wedding.
میرے سارے کاغذات اس بیگ میں ہیں۔	All my papers are in this bag.
ہمارے ملک کا سفیر لندن میں رہتا ہے۔	Our country's ambassador lives in London.
سچ بولنا ہماری اخلاقی ذمہ داری ہے۔	Telling the truth is our moral responsibility.
چولہے کا شعلہ نیلا ہونا چاہیے۔	The stove's flame should be blue.
بچے نے پتنگ کی ڈور کھینچی۔	The child pulled the kite string.
اس کی ہر بات کے پیچھے ایک دلیل ہے۔	There is a reason behind everything he says.
وہ ظالم آدمی سب کو تنگ کرتا تھا۔	That cruel man troubled everyone.
حکومت اقتصادی ترقی چاہتی ہے۔	The government wants economic growth.
اس کی بہادری کی کہانی سب جانتے ہیں۔	Everyone knows the story of his bravery.
راجہ اور رانی محل میں رہتے تھے۔	The king and queen lived in the palace.
محنت سے انسان اپنی تقدیر بدل سکتا ہے۔	A person can change his destiny through hard work.
وہ کاروباری کام سے کراچی گیا ہے۔	He has gone to Karachi on business.
شکاری کا تیر نشانے پر لگا۔	The hunter's arrow hit the target.
بچے، گلاس مت گرانا۔	Child, don't drop the glass.
وہ بڑی شان سے گھوڑے پر بیٹھا۔	He sat on the horse in great style.
استاد نے میری غلطی کی اصلاح کی۔	The teacher corrected my mistake.
اس نے پلٹ کر میری طرف دیکھا۔	He turned and looked at me.
اس کے لب پر ایک مسکراہٹ تھی۔	There was a smile on her lips.
یہ پری کی ایک پرانی کہانی ہے۔	This is an old fairy tale.
اس لفظ میں تین حرف ہیں۔	There are three letters in this word.
میرے بھائی کا قد مجھ سے لمبا ہے۔	My brother is taller than me.
وہ یونیورسٹی میں فلسفہ پڑھاتا ہے۔	He teaches philosophy at the university.
بجلی کے تار کو ہاتھ مت لگاؤ۔	Don't touch the electric wire.
رات گزارنے کے لیے ٹھکانا چاہیے۔	We need a place to spend the night.
اسکول بچوں کو کتابیں مہیا کرتا ہے۔	The school provides books to the children.
اس کا کوئی وارث نہیں تھا۔	He had no heir.
وہ احمق آدمی ہر بات پر ہنستا ہے۔	That foolish man laughs at everything.
شکاری نے جنگل میں ہرن دیکھا۔	The hunter saw a deer in the forest.
آج مجھے کچھ خریداری کرنی ہے۔	I have to do some shopping today.
یہ کپڑا بہت معیاری ہے۔	This cloth is of very good quality.
میری ساس ہمارے ساتھ رہتی ہیں۔	My mother-in-law lives with us.
استاد نے بورڈ پر ایک لکیر کھینچی۔	The teacher drew a line on the board.
ڈاکٹر ہر صبح مریضوں کا معائنہ کرتا ہے۔	The doctor examines the patients every morning.
آسمان سے بارش کا پہلا قطرہ گرا۔	The first drop of rain fell from the sky.
اس کتاب نے اسے بہت شہرت دی۔	This book brought him a lot of fame.
وہ سائنسی تجربے کر رہا ہے۔	He is doing science experiments.
ہر مہینے تھوڑی بچت ضرور کرو۔	Save a little every month.
زلزلہ ایک بڑی قدرتی آفت ہے۔	An earthquake is a big natural disaster.
بازار سے ایک کلو آلو لے آؤ۔	Bring a kilo of potatoes from the market.
بچوں کو کارٹون دیکھنا بہت پسند ہے۔	Children love watching cartoons.
اس فلم میں اس کی اداکاری کمال تھی۔	His acting in this film was amazing.
پولیس لاپتہ بچے کو ڈھونڈ رہی ہے۔	The police are looking for the missing child.
تعلیم سے لوگوں میں شعور آتا ہے۔	Education brings awareness to people.
اس عمارت کا گنبد بہت بڑا ہے۔	This building's dome is very large.
عید پر ہر چیز پر چھوٹ ملتی ہے۔	There is a discount on everything at Eid.
اس کی باتوں سے مجھے بہت تسلی ہوئی۔	His words comforted me a lot.
کل سے اسکول کی رخصت شروع ہو گی۔	The school holidays start tomorrow.
کل رات بہت بارش برسی۔	It rained a lot last night.
پانی ٹھوس بھی ہو سکتا ہے۔	Water can also be solid.
کھانا اچھی طرح چبا کر نگلو۔	Chew the food well and then swallow.
دلہن کو پھولوں سے سجایا گیا۔	The bride was adorned with flowers.
اس نے جھک کر سب کو آداب کیا۔	He bowed and greeted everyone.
وہ بزدل نہیں، بہت بہادر ہے۔	He is not a coward; he is very brave.
ہر انسان اپنی روزی خود کماتا ہے۔	Every person earns his own living.
ماں سارا دن گھریلو کام کرتی ہیں۔	Mother does housework all day.
مجھے ویزا کے لیے دفتر جانا ہے۔	I have to go to the office for the visa.
لالچ انسان کو برا بنا دیتا ہے۔	Greed makes a person bad.
وہ ایک اچھا انجینئر بننا چاہتا ہے۔	He wants to become a good engineer.
ورزش سے بدن مضبوط ہوتا ہے۔	Exercise makes the body strong.
پہاڑوں کا منظر بہت دلکش تھا۔	The view of the mountains was very charming.
اس بچے کا قد چار فٹ دو انچ ہے۔	This child's height is four feet two inches.
گرمی میں دہی کھانا اچھا ہوتا ہے۔	Eating yogurt in the heat is good.
بوڑھے لوگوں کو تنہائی میں مشکل ہوتی ہے۔	Old people find loneliness hard.
استاد کی سفارش سے اسے نوکری ملی۔	He got the job on the teacher's recommendation.
لڑکوں اور لڑکیوں کے کمرے علیحدہ ہیں۔	The boys' and girls' rooms are separate.
دادا جان ہمیں ایک قصہ سناتے تھے۔	Grandfather used to tell us a tale.
وہ زبردستی میرے کمرے میں آ گیا۔	He forced his way into my room.
اس سڑک کی لاگت بہت زیادہ تھی۔	The cost of this road was very high.
گاڑی کو ایندھن کی ضرورت ہے۔	The car needs fuel.
استاد نے بچوں سے سختی سے کام لیا۔	The teacher dealt strictly with the children.
وہ بوری گھسیٹ کر اندر لایا۔	He dragged the sack inside.
یہ پھل آم کہلاتا ہے۔	This fruit is called a mango.
یہ فضول کام چھوڑ دو۔	Leave this useless work.
رشوت دینا اور لینا دونوں جرم ہیں۔	Giving and taking bribes are both crimes.
ہمارے گھر کا بجٹ بہت کم ہے۔	Our household budget is very small.
سانپ اپنی کھال بدلتا ہے۔	A snake changes its skin.
اسے دوسروں سے بہت ہمدردی ہے۔	He has a lot of sympathy for others.
ہم اپنے باغ میں سبزیاں اگاتے ہیں۔	We grow vegetables in our garden.
فوجی رات کو خیمے میں سوئے۔	The soldiers slept in a tent at night.
یہ بدنام آدمی پھر آ گیا۔	This notorious man has come again.
مجھے اس جواب سے اطمینان نہیں ہوا۔	I was not satisfied with this answer.
ہوا سے میرے بال بکھر گئے۔	My hair got messed up in the wind.
زیادہ بیٹھنے سے کمر میں درد ہوتا ہے۔	Sitting too much causes back pain.
ہمیں سب کی بھلائی چاہنی چاہیے۔	We should wish everyone well.
اس نے میری کتاب پر اچھا تبصرہ کیا۔	He made a good comment on my book.
یہ کمرہ بہت تاریک ہے۔	This room is very dark.
سردی میں ہونٹوں پر کریم لگاؤ۔	Put cream on your lips in the cold.
شیر ایک غار میں رہتا تھا۔	The lion lived in a cave.
دھاگا الجھ گیا ہے۔	The thread has become tangled.
برتن کو ڈھکن سے ڈھک دو۔	Cover the pot with a lid.
استاد کا رویہ سب کے ساتھ اچھا ہے۔	The teacher's behaviour is good with everyone.
سال کی شروعات اچھی رہی۔	The year started well.
کھجور ایک میٹھا پھل ہے۔	The date is a sweet fruit.
خادم نے مہمانوں کو پانی دیا۔	The servant gave the guests water.
ڈاکٹر نے دل کی دھڑکن سنی۔	The doctor listened to the heartbeat.
بچوں نے مل کر ایک نغمہ گایا۔	The children sang a song together.
بچے نے رونے کی ضد کی۔	The child kept crying stubbornly.
صبح سورج مشرق سے طلوع ہوتا ہے۔	The sun rises in the east in the morning.
وہ کلاس میں ساتواں آیا۔	He came seventh in the class.
یہ بھولا آدمی سب پر یقین کرتا ہے۔	This simple man believes everyone.
استاد نے کتابیں بچوں میں بانٹیں۔	The teacher distributed the books among the children.
پیسوں کا ایک تہائی حصہ بچا لو۔	Save a third of the money.
سردیوں میں جھیل منجمد ہو جاتی ہے۔	The lake freezes in winter.
وہ بڑے جذبے سے کام کرتا ہے۔	He works with great enthusiasm.
یہ پھول بہت نایاب ہے۔	This flower is very rare.
پورا محلہ شادی میں آیا۔	The whole neighbourhood came to the wedding.
اسے بھوکے کتے پر ترس آیا۔	He felt pity for the hungry dog.
اسکول میں کھیل کی سرگرمی ہوتی ہے۔	There are sports activities at school.
تمباکو پینا بری عادت ہے۔	Smoking tobacco is a bad habit.
اس نے سب کو اپنی طرف متوجہ کیا۔	He drew everyone's attention to himself.
گاڑی میں کوئی گڑبڑ ہے۔	Something is wrong with the car.
ملک کا دستور سب کے لیے برابر ہے۔	The country's constitution is equal for all.
ٹوکری میں انڈے اور روٹی ہیں۔	There are eggs and bread in the basket.
یہ ایک پرانی اردو کہاوت ہے۔	This is an old Urdu proverb.
وہ چھٹا بچہ ہے۔	He is the sixth child.
ادھورا کام کل ختم کرو۔	Finish the incomplete work tomorrow.
گاؤں کی فضا بہت صاف ہے۔	The village air is very clean.
وہ غریبوں کا ہمدرد ہے۔	He is a friend to the poor.
ماں نے آٹے سے روٹیاں بنائیں۔	Mother made rotis from the flour.
ہڑتال کی وجہ سے دکانیں بند ہیں۔	The shops are closed because of the strike.
اس نے شادی میں بہت زیور پہنا۔	She wore a lot of jewellery at the wedding.
پرانا صندوق کمرے کے کونے میں ہے۔	The old trunk is in the corner of the room.
کام کے بعد اس کا پسینہ بہہ رہا تھا۔	He was sweating after work.
اس کتاب کا خلاصہ بہت مختصر ہے۔	The summary of this book is very short.
اس نے غصے سے مٹھی بند کی۔	He clenched his fist in anger.
اسکول کی گھنٹی بج گئی۔	The school bell rang.
اس کے ماتھے پر چوٹ لگی۔	He got hurt on his forehead.
نئے گھر کی مبارکباد دینے سب آئے۔	Everyone came to congratulate on the new house.
پرندہ درخت کی شاخ پر بیٹھا ہے۔	The bird is sitting on the tree branch.
یہ داغ صابن سے صاف ہو جائے گا۔	This stain will come off with soap.
آپ ہمیشہ سلامت رہیں۔	May you always be safe.
ہم نے زمین پر دری بچھائی۔	We spread a rug on the floor.
یہ ایک رسمی خط ہے۔	This is a formal letter.
کمرے کی بتی جلا دو۔	Turn on the room light.
پانی ڈال کر آگ بجھاؤ۔	Put out the fire with water.
ہماری پڑوسن بہت مہربان ہیں۔	Our neighbour is very kind.
مزدوروں کو پورا معاوضہ ملنا چاہیے۔	Workers should get full pay.
ہر انسان میں کوئی ہنر ہوتا ہے۔	Every person has some skill.
سڑک پر کچرا مت پھینکو۔	Don't throw rubbish on the road.
کل شام شاعروں کی محفل ہو گی۔	There will be a gathering of poets tomorrow evening.
معذور لوگوں کی مدد کرنی چاہیے۔	We should help disabled people.
گاڑی کی آخری قسط اگلے مہینے ہے۔	The last car instalment is next month.
دلہن نے لال جوڑا پہنا تھا۔	The bride wore a red outfit.
مجھے سو گرام چینی دے دو۔	Give me a hundred grams of sugar.
میرا خط ڈاک میں بھیج دو۔	Send my letter in the post.
درمیانی راستہ سب سے اچھا ہے۔	The middle path is the best.
ایسی بیوقوف بات مت کرو۔	Don't say such a stupid thing.
چور نے عورت کا بیگ چھین لیا۔	The thief snatched the woman's bag.
اس کی باتیں بہت تلخ تھیں۔	His words were very bitter.
سردی سے اس کے سینے میں درد ہے۔	He has chest pain because of the cold.
بورڈ سے سب کچھ مٹا دو۔	Erase everything from the board.
اماں نے میرے لیے چائے بنائی۔	Mum made tea for me.
میرے انکل امریکہ میں رہتے ہیں۔	My uncle lives in America.
دفتر کا عملہ آج چھٹی پر ہے۔	The office staff is on leave today.
چوکیدار نے دروازہ کھولا۔	The watchman opened the door.
ننھی بچی ماں کی گود میں ہے۔	The little girl is in her mother's lap.
کنویں کا پانی ٹھنڈا ہے۔	The well water is cold.
بسنت پنجاب کا ایک مشہور تہوار ہے۔	Basant is a famous festival of Punjab.
سیاح پہاڑوں کی تصویریں لے رہے ہیں۔	The tourists are taking pictures of the mountains.
سمجھدار لوگ غصہ نہیں کرتے۔	Sensible people don't get angry.
ایمبولینس مریض کو ہسپتال لے گئی۔	The ambulance took the patient to the hospital.
استاد اپنے شاگردوں سے خوش ہیں۔	The teacher is pleased with his pupils.
انہوں نے ہمیں کھانے پر مدعو کیا۔	They invited us to dinner.
سپاہی سرحد پر گشت کر رہے ہیں۔	The soldiers are patrolling the border.
سیاحت سے ملک کو پیسہ ملتا ہے۔	The country earns money from tourism.
اس کی طبیعت اچانک بگڑ گئی۔	His health suddenly got worse.
ہاتھی ایک بڑا حیوان ہے۔	The elephant is a big animal.
بچوں کو اچھی غذا چاہیے۔	Children need good food.
وہ اپنے وعدے کا پابند ہے۔	He keeps his promise.
اس نے آنکھیں رگڑیں اور اٹھ گیا۔	He rubbed his eyes and got up.
کچھ پودے زہریلے ہوتے ہیں۔	Some plants are poisonous.
میرا پوتا دو سال کا ہے۔	My grandson is two years old.
گلاب کے ساتھ کانٹے بھی ہوتے ہیں۔	Roses have thorns too.
دھند کی وجہ سے سڑک بند ہے۔	The road is closed because of the fog.
استاد نے کہا، شاباش بچو!	The teacher said, well done children!
اس کی سادگی مجھے اچھی لگتی ہے۔	I like his simplicity.
باغ کو پائپ سے پانی دو۔	Water the garden with a pipe.
بچے گیند اچھال رہے ہیں۔	The children are tossing a ball.
یہ ہمارا روزمرہ کا کام ہے۔	This is our daily work.
میرے پرس میں پیسے نہیں ہیں۔	There is no money in my purse.
بالغ لوگ ووٹ دے سکتے ہیں۔	Adults can vote.
آبشار کا پانی بہت ٹھنڈا ہے۔	The waterfall's water is very cold.
اس کی پیشانی گرم ہے۔	His forehead is hot.
درخت کی اونچائی بیس فٹ ہے۔	The tree's height is twenty feet.
دادی نے ہماری پرورش کی۔	Grandmother raised us.
بچے سڑک پر تماشا دیکھ رہے ہیں۔	The children are watching a show on the road.
پارک میں ایک پرانا مجسمہ ہے۔	There is an old statue in the park.
کمرے میں جھاڑو لگا دو۔	Sweep the room.
اس کا معدہ خراب ہے۔	His stomach is upset.
میرے دستانے گم ہو گئے۔	My gloves got lost.
ناخن کاٹنا ضروری ہے۔	Cutting nails is necessary.
گاڑی سے کالا دھواں نکل رہا ہے۔	Black smoke is coming out of the car.
بچوں نے زمین میں گڑھا کھودا۔	The children dug a hole in the ground.
تالاب میں بطخیں تیر رہی ہیں۔	Ducks are swimming in the pond.
سمندر میں موتی ملتے ہیں۔	Pearls are found in the sea.
صحن میں ایک بڑا درخت ہے۔	There is a big tree in the courtyard.
میں بہت پیاسا ہوں۔	I am very thirsty.
ہم نے حویلی کی سیر کی۔	We toured the mansion.
ماں مجھ سے ناراض ہیں۔	Mother is angry with me.
سائیکل کے ٹائر میں پمپ سے ہوا بھرو۔	Pump air into the bicycle tyre.
دن کے آخری پہر بارش ہوئی۔	It rained in the last part of the day.
سائنسدان نئی دوا بنا رہے ہیں۔	Scientists are making a new medicine.
بوڑھا آدمی لاٹھی لے کر چلتا ہے۔	The old man walks with a stick.
اس کی ماہانہ آمدنی اچھی ہے۔	His monthly income is good.
گونگا آدمی اشارے سے بات کرتا ہے۔	The mute man talks with signs.
مسجد کا مینار دور سے نظر آتا ہے۔	The mosque's minaret can be seen from afar.
مجھے اس پر بھروسا نہیں ہے۔	I don't trust him.
جادوگر نے ایک کبوتر نکالا۔	The magician took out a pigeon.
پیسے دینے کے بعد رسید لے لو۔	Take a receipt after paying.
یہ کتاب طالب علموں کے لیے مددگار ہے۔	This book is helpful for students.
دریا میں ایک بڑی چٹان ہے۔	There is a big rock in the river.
چڑیا گھر میں ایک کالا ریچھ ہے۔	There is a black bear in the zoo.
ڈاکو رات کو گاؤں میں آئے۔	Bandits came to the village at night.
دوستی کا بندھن بہت مضبوط ہے۔	The bond of friendship is very strong.
شام کو سورج غروب ہوتا ہے۔	The sun sets in the evening.
سردیوں میں میوے کھانے چاہییں۔	You should eat dried fruits in winter.
چائے سے بھاپ اٹھ رہی ہے۔	Steam is rising from the tea.
آپ کی خیریت معلوم کرنے آیا ہوں۔	I have come to ask after your health.
شام کو سب تاش کھیلتے ہیں۔	Everyone plays cards in the evening.
اس کا تھیلا کتابوں سے بھرا ہے۔	His bag is full of books.
اسے اپنی دولت پر غرور ہے۔	He is proud of his wealth.
پڑھنے سے یادداشت اچھی ہوتی ہے۔	Reading improves memory.
بڑھاپے میں صحت کا خیال رکھو۔	Take care of your health in old age.
کسان اپنے مویشی کھیت میں لے گیا۔	The farmer took his cattle to the field.
اس نے انگوٹھے سے اشارہ کیا۔	He signalled with his thumb.
میرا رومال جیب میں ہے۔	My handkerchief is in my pocket.
شادی میں میٹھا حلوہ بنا۔	Sweet halwa was made at the wedding.
اس کی آنکھوں میں اداسی تھی۔	There was sadness in his eyes.
یہ کمبل بہت گرم ہے۔	This blanket is very warm.
سائیکل کا پہیا گھوم رہا ہے۔	The bicycle wheel is turning.
قالین پر جوتے مت رکھو۔	Don't put shoes on the carpet.
استاد نے صحیح تلفظ سکھایا۔	The teacher taught the correct pronunciation.
ماں ہر اتوار نئے پکوان بناتی ہیں۔	Mother makes new dishes every Sunday.
وہ کتابوں کا بہت شوقین ہے۔	He is very fond of books.
ہمارا کچن چھوٹا ہے۔	Our kitchen is small.
لومڑی نے کوے سے روٹی لی۔	The fox took the bread from the crow.
اس کے گال شرم سے لال ہو گئے۔	Her cheeks turned red with shyness.
ماں نے سالن چکھ کر نمک ڈالا۔	Mother tasted the curry and added salt.
ہری مرچ بہت تیز ہوتی ہے۔	Green chillies are very hot.
مجھے ایک نیا ربڑ چاہیے۔	I need a new eraser.
یہ کباب بہت مزیدار ہیں۔	These kebabs are very tasty.
گدھا بہت محنتی جانور ہے۔	The donkey is a very hardworking animal.
یہ بالٹی پانی سے بھری ہے۔	This bucket is full of water.
میرا بھتیجا بہت شرارتی ہے۔	My nephew is very naughty.
کھانسی کے لیے یہ دوا لو۔	Take this medicine for the cough.
اس شہر میں بہت سے کارخانے ہیں۔	There are many factories in this city.
شہد کی مٹھاس سب کو پسند ہے۔	Everyone likes the sweetness of honey.
برف پر چلتے ہوئے وہ پھسل گیا۔	He slipped while walking on the ice.
گرنے سے اس کی کہنی زخمی ہو گئی۔	His elbow got injured from the fall.
مجھے جامنی رنگ پسند ہے۔	I like the colour purple.
اس کی گڑیا کے بال لمبے ہیں۔	Her doll has long hair.
گرمیوں میں آڑو ملتے ہیں۔	Peaches are available in summer.
دشمن نے رات کو شہر پر حملہ کیا۔	The enemy attacked the city at night.
اس نے محنت سے اچھے نمبر حاصل کیے۔	He obtained good marks through hard work.
میرا بھائی فوج میں کام کرتا ہے۔	My brother works in the army.
مجھے اپنی کتاب مل گئی، میں نے اسے پا لیا۔	I found my book.
اس کی موت کی خبر سے سب اداس ہو گئے۔	Everyone became sad at the news of his death.
یہ فیصلہ کرنے کا اختیار استاد کے پاس ہے۔	The teacher has the authority to make this decision.
اس نے ایک گلاس دودھ پی لیا۔	He drank a glass of milk.
وزیر نے اخبار کو ایک بیان دیا۔	The minister gave a statement to the newspaper.
مجھے اپنے دوست پر پورا اعتماد ہے۔	I have full trust in my friend.
اس کی صورت اپنی ماں جیسی ہے۔	His appearance is like his mother's.
وہ اعلیٰ تعلیم کے لیے لندن گیا۔	He went to London for higher education.
اس کی خوشی چہرے سے ظاہر تھی۔	His happiness was clear from his face.
ہر انسان کو انصاف ملنا چاہیے۔	Every person should get justice.
دسمبر میں یہاں بہت سردی ہوتی ہے۔	It is very cold here in December.
اس نے لال رنگ کی قمیض پہنی ہے۔	He is wearing a red shirt.
میرے گھر میں چھ کمرے ہیں۔	There are six rooms in my house.
ہمارے گھر میں چھ لوگ رہتے ہیں۔	Six people live in our house.
گھر میں آنے سے پہلے جوتے اتارو۔	Take off your shoes before coming into the house.
کتاب میز پر رکھ دو اور بیٹھ جاؤ۔	Put the book down on the table and sit.
اس نے ایک سال میں اردو سیکھ لی۔	He learned Urdu in one year.
چور کو اپنے جرم کی سزا ملی۔	The thief got punishment for his crime.
استاد کلاس میں داخل ہوئے۔	The teacher entered the class.
ہمیں متحدہ ہو کر کام کرنا چاہیے۔	We should work united.
پانی ہر انسانی زندگی کے لیے ضروری ہے۔	Water is necessary for every human life.
یہ ایک طویل سفر تھا۔	This was a long journey.
پولیس اس کیس پر کام کر رہی ہے۔	The police are working on this case.
ماں باپ بچوں کی اچھی تربیت کرتے ہیں۔	Parents give children a good upbringing.
بارش میں ہم نے ایک درخت کے نیچے پناہ لی۔	We took shelter under a tree in the rain.
مجھے اپنے وطن سے بہت محبت ہے۔	I love my homeland very much.
اس کارخانے میں بجلی پیدا کی جاتی ہے۔	Electricity is produced in this factory.
کہانی کا انجام بہت اچھا تھا۔	The end of the story was very good.
لڑکوں کا ایک گروہ سڑک پر کھڑا تھا۔	A group of boys was standing on the road.
وہ اپنی غلطی پر شرمندہ ہوا۔	He was embarrassed by his mistake.
خواہ بارش ہو، میں ضرور آؤں گا۔	Even if it rains, I will certainly come.
یہ روڈ سیدھا بازار جاتا ہے۔	This road goes straight to the market.
دریا پر پانی کی روک بنائی گئی۔	A stop was built for the water on the river.
اس کا آپریشن کل ہسپتال میں ہو گا۔	His operation will be in the hospital tomorrow.
بچے کی ہر حرکت پر ماں ہنستی ہے۔	The mother laughs at every motion of the child.
بچہ گھر سے باہر نکل گیا۔	The child got out of the house.
ہمیں ہر مذہب کی عزت کرنی چاہیے۔	We should respect every religion.
اچھے لوگ اچھا معاشرہ بناتے ہیں۔	Good people make a good society.
میں نے اپنی چابی کہیں کھو دی۔	I lost my key somewhere.
تم یہیں بیٹھو، میں ابھی آتا ہوں۔	Sit right here, I am coming now.
کمزور لوگوں پر ظلم مت کرو۔	Don't do wrong to weak people.
موجودہ حالات میں سفر مشکل ہے۔	Travel is difficult in the current situation.
سردی میں ہم نے آگ جلائی۔	We lit a fire in the cold.
یہ گھوڑا اچھی نسل کا ہے۔	This horse is of a good breed.
آپ کی غلطی معاف ہے۔	Your mistake is forgiven.
کل کا میچ زبردست تھا۔	Yesterday's match was amazing.
آپ کی شرکت کا بہت شکریہ۔	Thank you very much for your contribution.
اسکول نے صفائی کی مہم شروع کی۔	The school started a cleaning campaign.
اس کا دعوی صحیح نہیں ہے۔	His claim is not correct.
کسی کو اس بات پر اعتراض نہیں۔	Nobody has an objection to this.
وہ ہر کھیل میں نئی چال چلتا ہے۔	He plays a new trick in every game.
اس کا گھر بہت سادہ ہے۔	His house is very simple.
آج میرا خواب پورا ہو گیا۔	Today my dream was completed.
آج تین بچے اسکول سے غائب ہیں۔	Three children are absent from school today.
ان کا نیا گھر بہت وسیع ہے۔	Their new house is very spacious.
مجھے باہر جانے کی اجازت نہیں ملی۔	I did not get permission to go out.
محترمہ، آپ یہاں بیٹھ جائیں۔	Lady, please sit here.
وہ ہمارے ملک کا بڑا رہنما تھا۔	He was a great leader of our country.
اس نے ہمت اور حوصلہ نہیں ہارا۔	He did not lose courage.
اس نے بہت دکھ سہا۔	He suffered a lot of pain.
اسکول پر پاکستان کا پرچم لگا ہے۔	The Pakistani flag is on the school.
ناکامی سے ہمیں سبق ملتا ہے۔	Failure teaches us a lesson.
یہ مشین کپڑے دھوتی ہے۔	This machine washes clothes.
جملے کے آخر میں نقطہ لگاؤ۔	Put a dot at the end of the sentence.
غریبی نے اسے مجبور کر دیا۔	Poverty made him helpless.
ماں نے سارا گھر سنبھالا۔	Mother supported the whole house.
ہماری گاڑی کیچڑ میں پھنس گئی۔	Our car got stuck in the mud.
یہ ایک معروف ڈاکٹر ہیں۔	This is a famous doctor.
دکان میں بہت مال ہے۔	There are a lot of goods in the shop.
یہ شاپنگ سینٹر بہت بڑا ہے۔	This shopping centre is very big.
کل رات شدید بارش ہوئی۔	There was intense rain last night.
بچے گھر کے باہر کھیل رہے ہیں۔	The children are playing outside the house.
آپ کا پیشہ کیا ہے؟	What is your profession?
اس نے سچ بتا دیا۔	He told the truth.
ہم ہر اتوار مارکیٹ جاتے ہیں۔	We go to the market every Sunday.
حکومت کے ترجمان نے بات کی۔	The government spokesman spoke.
یہ دوا زہر کی طرح کڑوی ہے۔	This medicine is bitter like poison.
مجھے معاف کر دیں، میں دیر سے آیا۔	Forgive me, I came late.
دوست کی موت کا غم بہت بڑا ہے۔	The sorrow of a friend's death is very great.
کلاس میں اس موضوع پر بحث ہوئی۔	There was a discussion on this topic in class.
ہمیں اپنا علم بڑھانا چاہیے۔	We should increase our knowledge.
وزیر نے نئے اسکول کا افتتاح کیا۔	The minister opened the new school.
شب بخیر، کل صبح ملیں گے۔	Good night, we will meet tomorrow morning.
اس نے دوستوں کو الوداع کہا۔	He said farewell to his friends.
یہ ایک برطانوی کمپنی ہے۔	This is a British company.
اس کی اداکاری کمال کی ہے۔	His acting is perfection.
وہ عربی زبان سیکھ رہا ہے۔	He is learning the Arab language.
یہ مناسب وقت نہیں ہے۔	This is not an appropriate time.
سردی سے میری ناک لال ہو گئی۔	My nose turned red from the cold.
یہ بٹن دبانا ہے۔	You have to press this button.
یوں مت بیٹھو، سیدھے بیٹھو۔	Don't sit thus; sit straight.
فوج کے پاس بہت اسلحہ ہے۔	The army has a lot of weapons.
آپ اندر تشریف لائیں۔	Please come in.
چائے میں چینی کی مقدار کم ہے۔	The quantity of sugar in the tea is low.
گاؤں کا ماحول بہت اچھا ہے۔	The atmosphere of the village is very good.
اس سال گندم کی پیداوار زیادہ ہوئی۔	Wheat production was higher this year.
ایک لمحہ رکو، میں آتا ہوں۔	Wait a moment, I am coming.
وہ ایک نیک انسان ہے۔	He is a good person.
آج اس کا مزاج اچھا نہیں ہے۔	His humor is not good today.
دریا کے بیچ ایک کشتی ہے۔	There is a boat in the middle of the river.
آج موسم بہت سرد ہے۔	The weather is very cold today.
اس نے آسانی سے سوال حل کیا۔	He solved the question with ease.
یہ گھڑی میرے دادا کی نشانی ہے۔	This watch is a keepsake of my grandfather.
وہ بہت سست لڑکا ہے۔	He is a very lazy boy.
اسکول میں دینی تعلیم بھی ہوتی ہے۔	There is also religious education at school.
میں نے اس سے مشورہ لیا۔	I took advice from him.
شہر کا نقشہ میرے پاس ہے۔	I have a map of the city.
بارش کی وجہ سے میچ منسوخ ہو گیا۔	The match was cancelled because of the rain.
ملزم کو عدالت میں لایا گیا۔	The accused was brought to court.
پاکستان ایک جمہوری ملک ہے۔	Pakistan is a democratic country.
سمندر میں بہت سی مخلوق رہتی ہے۔	Many creatures live in the sea.
ان کی طلاق ہو گئی۔	They got a divorce.
اسے کھانا پکانے میں مہارت ہے۔	He has skill in cooking.
مجھے اضافی کام نہیں چاہیے۔	I don't want additional work.
بچوں کو اندھیرے سے مت ڈراؤ۔	Don't frighten the children with the dark.
آج آزادی کا یوم ہے۔	Today is Independence Day.
بازار میں بہت ہجوم تھا۔	There was a big crowd in the market.
باہر جاتے وقت ماسک پہنو۔	Wear a mask when going out.
میرا باس بہت اچھا ہے۔	My boss is very good.
یہ ایک عارضی نوکری ہے۔	This is a temporary job.
وہ ایک پرانے قبیلے سے ہے۔	He is from an old tribe.
امتحان کے بعد وہ مایوس تھا۔	He was despondent after the exam.
سفر کے لیے پاسپورٹ ضروری ہے۔	A passport is necessary for travel.
کمرے میں خاموشی تھی۔	There was silence in the room.
یہ پرانی گاڑی بیکار ہے۔	This old car is useless.
بالآخر وہ گھر پہنچ گیا۔	Finally he reached home.
ہم نے ٹی وی پر ایک ڈراما دیکھا۔	We watched a drama on TV.
پہاڑی لوگ بہت محنتی ہوتے ہیں۔	People inhabiting mountains are very hardworking.
میرے گھر کے پاس ایک پارک ہے۔	There is a park near my house.
سب لوگ اکٹھے کھانا کھاتے ہیں۔	Everyone eats together.
اس کی جرات پر سب حیران تھے۔	Everyone was surprised at his temerity.
کسان ہل چلا رہا ہے۔	The farmer is driving the plough.
میں نے وزیر سے ملاقات کی۔	I met the minister.
اس کے پاس انجینئرنگ کی ڈگری ہے۔	He has an engineering degree.
استاد نے اپنا تعارف کرایا۔	The teacher gave an introduction of himself.
شہر میں عید کا جشن ہے۔	There is an Eid celebration in the city.
اس کے پاس چاندی کی انگوٹھی ہے۔	She has a silver ring.
شہد صحت کے لیے اچھا ہے۔	Honey is good for health.
ہر روز لکھنے کی مشق کرو۔	Do writing exercise every day.
اس نے سر ہلا کر ہاں کہا۔	He shook his head and said yes.
میں آپ کی بات سمجھ گیا۔	I understood what you said.
وہ ہارمونیم بجاتا ہے۔	He plays the harmonium.
یہ ایک مشہور اردو افسانہ ہے۔	This is a famous Urdu story.
بچہ اپنے بستر پر سو رہا ہے۔	The child is sleeping in his bed.
اسے اپنی غلطی کا انجام بھگتنا پڑا۔	He had to bear the result of his mistake.
پادری صاحب ہمارے پڑوسی ہیں۔	The clergyman is our neighbour.
شہر میں روزگار ملنا آسان ہے۔	Finding employment in the city is easy.
میری جیب میں کچھ پیسے ہیں۔	I have some money in my pocket.
مجھے اسکول سے دیر ہو گئی۔	I was late for school.
ہم نے سامان اوپر چڑھایا۔	We made the luggage climb upstairs.
موم بتی کا شعلہ ہل رہا ہے۔	The candle's flame is moving.
یہ ڈور بہت مضبوط ہے۔	This string is very strong.
اسکول کا گیٹ بند ہے۔	The school gate is closed.
وہ باقاعدہ ہر روز پڑھتا ہے۔	He reads regularly every day.
زخم پر پٹی باندھ دو۔	Tie a bandage on the wound.
اس کے کام میں بہتری آئی ہے۔	There is improvement in his work.
دادی کی نصیحت مجھے یاد ہے۔	I remember grandmother's advice.
کمپنی نے مجھے نوکری کی پیشکش کی۔	The company made me a job offer.
ہم نے کھانے کا آرڈر دیا۔	We gave an order for food.
میں اس کی بات سن کر حیران ہوا۔	I was surprised to hear what he said.
اس کا ضمیر صاف ہے۔	His conscience is clear.
اپنا فون مت گرانا۔	Don't drop your phone.
ہم پوری کوشش کریں گے۔	We will make every effort.
میرے پاس ایک نیا کیمرہ ہے۔	I have a new camera.
میں ہرگز ایسا نہیں کروں گا۔	I will never ever do this.
پہاڑوں کی خوبصورتی دیکھنے کے قابل ہے۔	The beauty of the mountains is worth seeing.
میرے ابا دفتر گئے ہیں۔	My father has gone to the office.
پیسوں کی کمی کی وجہ سے کام رک گیا۔	The work stopped because of a lack of money.
بچوں نے باغ سے پھول چنے۔	The children gathered flowers from the garden.
یہ کھانا بہت عمدہ ہے۔	This food is excellent.
اردو کا پہلا حرف الف ہے۔	The first letter of Urdu is alif.
مجھے پانی کی ایک بوتل دو۔	Give me a bottle of water.
ایمانداری سب سے بڑی دولت ہے۔	Honesty is the greatest wealth.
کسی نے دروازے پر دستک دی۔	Someone knocked at the door.
قدرت کی خوبصورتی دیکھو۔	Look at the beauty of nature.
اس نے اپنی غلطی سے توبہ کی۔	He showed repentance for his mistake.
آلو کی سبزی بہت مزیدار ہے۔	The potato dish is very tasty.
طالب علموں کو فیس میں چھوٹ ملی۔	The students got an exemption in fees.
اس خبر کا عنوان کیا ہے؟	What is the headline of this news?
پھل کاٹنے کے لیے چھری لاؤ۔	Bring a knife to cut the fruit.
وہ چھٹا سبق پڑھ رہا ہے۔	He is reading the sixth lesson.
میرا ایک موزہ گم ہے۔	One of my socks is missing.
سانپ نے مینڈک نگل لیا۔	The snake swallowed the frog.
یہ امتحان ایک بڑی آزمائش ہے۔	This exam is a big test.
بچوں کے ہاتھ میں جھنڈا ہے۔	The children have a flag in their hands.
اس کا بدن بہت مضبوط ہے۔	His body is very strong.
اسے تنہائی اچھی لگتی ہے۔	He likes solitude.
دونوں بھائی علیحدہ رہتے ہیں۔	The two brothers live apart.
میڈم، آپ کا کمرہ تیار ہے۔	Madam, your room is ready.
درخت کی جڑ بہت گہری ہے۔	The tree's root is very deep.
مجھے ڈیڑھ کلو چینی دو۔	Give me one and a half kilos of sugar.
اس نے رشوت لینے سے انکار کیا۔	He refused to take a bribe.
کام کے بعد تھوڑا آرام کرو۔	Rest a little after work.
بچوں نے کلاس میں شور مچایا۔	The children raised a noise in the class.
وہ درد سے چیخنے لگا۔	He started to shout in pain.
وہ اپنی دولت پر بہت اتراتا ہے۔	He boasts a lot about his wealth.
یہ ایک تاریک رات تھی۔	It was a dark night.
اس کے ہونٹ سوکھے ہیں۔	Her lips are dry.
ماں نے سر پر دوپٹا ڈھک لیا۔	Mother covered her head with a scarf.
ایک بندر درخت سے کودا۔	A monkey jumped from the tree.
وہ چھوٹی باتوں پر الجھتا ہے۔	He gets entangled in small matters.
ماں نے مسالا پیسا۔	Mother ground the spices.
تیر سیدھا نشانے پر لگا۔	The arrow hit the target straight.
پھلوں کی ٹوکری میز پر رکھو۔	Put the fruit basket on the table.
یہ کہاوت سب جانتے ہیں۔	Everyone knows this proverb.
اس کے بول بہت میٹھے ہیں۔	His words are very sweet.
اس کتاب کا خلاصہ لکھ کر لاؤ۔	Write a summary of this book and bring it.
قلعے پر ایک پرانی توپ ہے۔	There is an old gun on the fort.
اللہ آپ کو سلامت رکھے، خوش رہو۔	Stay safe and be happy.
بستر پر نئی چادر بچھا دو۔	Spread a new sheet on the bed.
اس کے کپڑوں پر داغ لگ گیا۔	There is a stain on his clothes.
یہ چاقو بہت تیز ہے۔	This knife is very sharp.
شادی میں بہت مٹھائی تھی۔	There were a lot of sweets at the wedding.
شام کو دوستوں کی محفل جمی۔	A gathering of friends took place in the evening.
بارش کے بعد گھاس اگ آئی۔	Grass grew after the rain.
لوہا ایک مضبوط دھات ہے۔	Iron is a strong metal.
اس نے اپنے اوپر چادر لی۔	He covered himself with a sheet.
ہمیں سانس لینے کے لیے آکسیجن چاہیے۔	We need oxygen to breathe.
چوکیدار ساری رات جاگتا رہا۔	The watchman stayed awake all night.
ننھا بچہ کھلونے سے کھیل رہا ہے۔	The little child is playing with a toy.
مرغ صبح سویرے بولتا ہے۔	The rooster crows early in the morning.
عید ہمارا سب سے بڑا تہوار ہے۔	Eid is our biggest festival.
ایمبولینس جلدی آ گئی۔	The ambulance came quickly.
یہ استاد کا سب سے اچھا شاگرد ہے۔	This is the teacher's best pupil.
مریض کی حالت بگڑ رہی ہے۔	The patient's condition is getting worse.
دادا چشمے کے بغیر نہیں پڑھ سکتے۔	Grandfather cannot read without glasses.
انسان ایک سوچنے والا حیوان ہے۔	Man is a thinking beast.
یہ پودا زہریلا ہے، مت چھوؤ۔	This plant is poisonous; don't touch it.
مجھے کانٹا لگ گیا۔	A thorn pricked me.
صبح کی دھند میں کچھ نظر نہیں آتا۔	Nothing can be seen in the morning fog.
اگلی گلی سے بائیں مڑو۔	Turn left at the next street.
دھیرے دھیرے چلو۔	Walk slowly.
سردی میں اون کے دستانے پہنو۔	Wear woollen gloves in the cold.
بلی کے ناخن تیز ہوتے ہیں۔	A cat's claws are sharp.
ڈاکٹر نے مجھے چینی سے پرہیز بتایا۔	The doctor told me abstaining from sugar.
مزدور سڑک کھود رہے ہیں۔	The workers are digging the road.
میں نے ایسا گھر پہلے نہیں دیکھا، ویسا بھی نہیں۔	I have not seen a house like that before.
پیاسے کو پانی پلاؤ۔	Give water to the thirsty person.
اس نے اپنا وقت گنوا دیا۔	He lost his time.
پمپ سے پانی آ رہا ہے۔	Water is coming from the pump.
کمرے میں بہت دھول ہے۔	There is a lot of dust in the room.
اسے بات کرنے کی تمیز نہیں ہے۔	He has no manners in talking.
گونگا بچہ اشاروں سے بات کرتا ہے۔	The mute child talks with signs.
یہ مینار بہت پرانا ہے۔	This minaret is very old.
جادوگر نے ٹوپی سے خرگوش نکالا۔	The magician took a rabbit out of the hat.
ریچھ کو شہد پسند ہے۔	The bear likes honey.
ڈاکو پیسے لے کر بھاگ گئے۔	The bandits ran away with the money.
استاد کی بات پر دھیان دو۔	Pay attention to what the teacher says.
سردیوں میں میوہ کھانا اچھا ہے۔	Eating dried fruit in winter is good.
غرور انسان کو گرا دیتا ہے۔	Pride brings a person down.
مجھے اطالوی کھانا پسند ہے۔	I like Italian food.
وہ اطالوی زبان سیکھ رہا ہے۔	He is learning the Italian language.
اس نے بہت محنت سے یہ نوکری حاصل کی۔	He obtained this job with a lot of hard work.
بچے نے سارا دودھ جلدی سے پی لیا۔	The child drank up all the milk quickly.
یہ ہمارے شہر کا سب سے اعلیٰ اسکول ہے۔	This is the greatest school in our city.
میری بہن کے چھ بچے ہیں۔	My sister has six children.
ہم صبح چھ بجے اٹھتے ہیں۔	We get up at six in the morning.
میں نے یہ کام اپنی ماں سے سیکھ لیا۔	I learned this work from my mother.
اس نے اپنا بیگ کرسی پر رکھ دیا۔	He put his bag down on the chair.
براہ کرم اپنا فون میز پر رکھ دیں۔	Please put your phone down on the table.
ہر غلطی کی سزا ملنا ضروری نہیں ہے۔	Punishment is not necessary for every mistake.
یہ درخت ہوا سے آکسیجن پیدا کرتے ہیں۔	These trees produce oxygen.
بارش کے وقت ہم نے ایک دکان میں پناہ لی۔	We took shelter in a shop during the rain.
غریب لوگوں کو ہماری مدد کی ضرورت ہے۔	Poor people have need of our help.
اس کام میں آپ کی شرکت بہت ضروری ہے۔	Your contribution to this work is very important.
اس کا دعوی ہے کہ وہ سب سے تیز ہے۔	His claim is that he is the fastest.
آخر کار ہمارا کام پورا ہو گیا۔	At last our work was completed.
استاد نے ہمیں بہت حوصلہ دیا۔	The teacher gave us a lot of courage.
اس نقشے پر ایک لال نقطہ ہے۔	There is a red dot on this map.
اس لفظ کا معنی مجھے نہیں معلوم۔	I don't know the meaning of this word.
استاد نے ہر لفظ کا معنی بتایا۔	The teacher told the meaning of every word.
وہ بیماری کی وجہ سے گھر رہنے پر مجبور ہے۔	He is helpless and has to stay home because of illness.
ہماری گاڑی برف میں پھنس گئی۔	Our car got stuck in the snow.
وہ ٹریفک میں دو گھنٹے پھنسا رہا۔	He was stuck in traffic for two hours.
میں ہر شام اس سینٹر میں کھیلتا ہوں۔	I play at this centre every evening.
شہر کے سینٹر میں ایک بڑا بازار ہے۔	There is a big market in the centre of the city.
سانپ کے منہ میں زہر ہوتا ہے۔	There is poison in a snake's mouth.
ہمیں اپنی آمدنی بڑھانا چاہیے۔	We should increase our income.
اس نے ہاتھ ہلا کر الوداع کہا۔	He waved his hand and said farewell.
یہ دستاویز بہت اہم ہے، اسے سنبھال کر رکھو۔	This document is very important; keep it safe.
مہمان صاحب، آپ یہاں تشریف رکھیں۔	Honoured guest, please sit here.
آپ کب ہمارے گھر تشریف لائیں گے؟	When will you honour our house with a visit?
ہماری زمین سورج کے گرد گھومنے والا سیارہ ہے۔	Our Earth is a planet that goes around the sun.
پانی کی مقدار ہر روز کم ہو رہی ہے۔	The amount of water is decreasing every day.
استاد جی، مجھے معاف کر دیں۔	Teacher, please forgive me.
اس نے اپنے دوست کو معاف کر دیا۔	He forgave his friend.
پیدل چلنے کا صحت کو بہت فائدہ ہے۔	Walking is a big advantage for health.
اس سال پھلوں کی پیداوار اچھی ہوئی۔	Fruit production was good this year.
میرا دوست عربی بولنا جانتا ہے۔	My friend knows how to speak Arabic.
اس کے پاس کچھ عربی کتابیں ہیں۔	He has some Arabic books.
ایک لمحے کے لیے سب خاموش ہو گئے۔	Everyone became silent for a moment.
بچے ایک گول میز کے گرد بیٹھے ہیں۔	The children are sitting around a round table.
استاد نے کتابیں ترتیب سے رکھ دیں۔	The teacher put the books in order.
یہ پرانی تصویر میرے دادا کی نشانی ہے۔	This old picture is a keepsake of my grandfather.
اس نے اپنی کتاب میں ایک نشانی رکھی۔	He put a bookmark in his book.
بڑے بھائی نے مجھے کہانی سنا کر ڈرایا۔	My elder brother frightened me by telling a story.
آج مجھے دفتر میں اضافی کام کرنا ہے۔	Today I have to do additional work at the office.
چودہ اگست ہمارا یوم آزادی ہے۔	The fourteenth of August is our independence day.
رات کی خاموشی میں ایک آواز آئی۔	A sound came in the silence of the night.
اس پہاڑی علاقے میں بہت سردی ہوتی ہے۔	It is very cold in this mountain area.
آئندہ ہفتے ہمارا امتحان ہے۔	Our exam is in the coming week.
اس کی جرات دیکھ کر سب حیران ہو گئے۔	Everyone was surprised to see his temerity.
یہ ایک جعلی نوٹ ہے، اسے مت لو۔	This is a fake note; don't take it.
میرے دفتر کے پاس ایک ہوٹل ہے۔	There is a hotel near my office.
کامیابی پر ہم نے بڑا جشن منایا۔	We held a big celebration on the success.
یہ ہار خالص چاندی کا ہے۔	This necklace is made of pure silver.
یہ دودھ بالکل خالص ہے۔	This milk is completely pure.
شادی میں لوگ ڈھول بجا رہے تھے۔	People were playing drums at the wedding.
بچوں نے خوشی سے تالیاں بجائیں۔	The children clapped with joy.
اس کی ہنسی پورے گھر میں گونجی۔	Her laughter echoed through the whole house.
ہم نے باغ سے کچھ پھول چن لیے۔	We gathered some flowers from the garden.
دادی کا ہر افسانہ بہت دلچسپ ہوتا ہے۔	Every story of grandmother is very interesting.
آگ کا شعلہ اوپر تک گیا۔	The flame of the fire went up high.
پتنگ کی ڈور بہت لمبی ہے۔	The kite string is very long.
کمپنی کی پیشکش بہت اچھی تھی۔	The company's offer was very good.
بچے، اپنا کھانا زمین پر مت گراؤ۔	Child, don't drop your food on the floor.
میں اس سے ہرگز بات نہیں کروں گا۔	I will never ever talk to him.
ہمیں ہمیشہ اچھی کوشش کرنی چاہیے۔	We should always make a good effort.
اس کی کوشش سے سب کام ہو گیا۔	All the work got done through his effort.
اس جگہ کی خوبصورتی سب کو پسند ہے۔	Everyone likes the beauty of this place.
اردو میں کچھ حرف ملتے جلتے ہیں۔	Some letters in Urdu look alike.
مجھے پانی کی ایک ٹھنڈی بوتل چاہیے۔	I want a cold bottle of water.
رات کو کسی نے زور سے دستک دی۔	Someone knocked loudly at night.
قدرت نے ہمیں بہت کچھ دیا ہے۔	Nature has given us a lot.
پہاڑوں میں قدرت کی خوبصورتی نظر آتی ہے۔	The beauty of nature can be seen in the mountains.
اس نے آئندہ جھوٹ نہ بولنے کی توبہ کی۔	He showed repentance and promised not to lie in future.
ماں نے سبزی کاٹنے کے لیے چھری لی۔	Mother took a knife to cut the vegetables.
بچہ دوا نہیں نگلنا چاہتا تھا۔	The child did not want to swallow the medicine.
بچوں نے کمرے میں بہت شور مچایا۔	The children raised a lot of noise in the room.
وہ ڈر کے مارے زور سے چیخا۔	He shouted loudly out of fear.
سردی میں میرے ہونٹ پھٹ جاتے ہیں۔	My lips crack in the cold.
بارش سے پہلے گاڑی کو ڈھک دو۔	Cover the car before the rain.
ماں ہر صبح گندم پیستی تھیں۔	Mother used to grind wheat every morning.
وہ باقاعدہ ہر صبح ورزش کرتا ہے۔	He exercises regularly every morning.
شام کو گھر میں دوستوں کی محفل ہوئی۔	There was a gathering of friends at home in the evening.
گرمی میں ہم درخت کے سائے میں بیٹھے۔	We sat in the shade of the tree in the heat.
ہمارے گاؤں میں ایک لال مرغ ہے۔	There is a red rooster in our village.
میری ٹیچر نے مجھے ایک کتاب دی۔	My teacher gave me a book.
ہر سال ہم یہ تہوار مل کر مناتے ہیں۔	Every year we celebrate this festival together.
یہ تہوار بہار میں آتا ہے۔	This festival comes in spring.
زخمی آدمی کو ایمبولینس میں لے گئے۔	They took the injured man in an ambulance.
یہ سانپ بہت زہریلا ہوتا ہے۔	This snake is very poisonous.
کچھ مچھلیاں بھی زہریلی ہوتی ہیں۔	Some fish are also poisonous.
گلاب کے پودے پر ایک کانٹا ہے۔	There is a thorn on the rose plant.
دادا جی دھیرے دھیرے چل رہے ہیں۔	Grandfather is walking slowly.
سردی میں بچوں کو دستانے پہناؤ۔	Put gloves on the children in the cold.
کھانے سے پہلے اپنے ناخن صاف کرو۔	Clean your nails before eating.
مجھے ویسا ہی ایک بیگ چاہیے۔	I want a bag just like that.
میری نانی ہمیں کہانیاں سناتی ہیں۔	My maternal grandmother tells us stories.
کسان کھیت میں گڑھا کھود رہا ہے۔	The farmer is digging a hole in the field.
پیاسا بچہ پانی مانگ رہا ہے۔	The thirsty child is asking for water.
گرمی میں سب پیاسے ہو جاتے ہیں۔	Everyone becomes thirsty in the heat.
یہ پمپ پانی اوپر لے جاتا ہے۔	This pump takes water up.
مجھے آج دفتر سے دیر ہو گئی۔	I was late from the office today.
بچوں کو اپنی صحت پر دھیان دینا چاہیے۔	Children should pay attention to their health.
شادی کے کھانے میں میٹھا حلوہ تھا۔	There was sweet dessert at the wedding meal.
وہ بہت تھکا ہوا لگ رہا ہے۔	He looks very tired.
سارا دن کام کے بعد میں تھکا ہوا ہوں۔	I am tired after working all day.
اس کی کوئی چاہ پوری نہیں ہوئی۔	None of his wishes were fulfilled.
دل میں کچھ کرنے کی چاہ ہونی چاہیے۔	There should be a desire in the heart to do something.
کمپنی کے سربراہ نے سب سے بات کی۔	The head of the company spoke to everyone.
وہ اپنے خاندان کا سربراہ ہے۔	He is the head of his family.
ہمیں پانی کی ضرورت ہے۔	We have need of water.
آج میرا ایک پرانا خواب پورا ہو گیا۔	Today an old dream of mine was completed.
اس کا جوتا دروازے میں پھنس گیا۔	His shoe got stuck in the door.
مریخ ایک لال سیارہ ہے۔	Mars is a red planet.
کھانے میں نمک کی مقدار زیادہ ہے۔	The quantity of salt in the food is too much.
وہ عربی زبان بہت اچھی بولتا ہے۔	He speaks the Arab language very well.
میں نے اپنی بہن کو معاف کر دیا۔	I forgave my sister.
میرے گھر کے پاس ایک اسکول ہے۔	There is a school near my house.
دوستوں کی ہنسی سے کمرہ بھر گیا۔	The room filled with the laughter of friends.
اس کی ڈور میرے ہاتھ میں ہے۔	Its string is in my hand.
بچے کے دل میں اندھیرے کا ڈر ہے۔	There is a fear of the dark in the child's heart.
مجھے کتوں سے بہت ڈر لگتا ہے۔	I have a great fear of dogs.
اس کتاب کا ہر حرف صاف ہے۔	Every letter of this book is clear.
ماں دال پیس رہی ہیں۔	Mother is grinding the lentils.
مزدور نیا کنواں کھود رہے ہیں۔	The workers are digging a new well.
میرے ابا بہت محنتی ہیں۔	My father is very hardworking.
اس کی آنکھوں میں ایک چمک تھی۔	There was a sparkle in his eyes.
یہ ایک باقاعدہ اسکول ہے۔	This is a regular school.
اس درخت کا سایہ بہت بڑا ہے۔	This tree's shade is very large.
اس کے پاؤں میں کانٹا لگ گیا۔	A thorn got into his foot.
چور نے مجھے ایک مشکل میں پھنسا دیا۔	The thief caused me to be trapped in trouble.
سردی میں گرم دستانے ضروری ہیں۔	Warm gloves are necessary in the cold.
ضرورت کے وقت دوست ہی کام آتے ہیں۔	Friends help at a time of need.
اپنی ضرورت کے مطابق پیسے خرچ کرو۔	Spend money according to your need.
یہ علم اسے کتابوں سے حاصل ہوا۔	He obtained this knowledge from books.
ہم شام کو بازار میں پھرتے رہے۔	We kept wandering around the market in the evening.
میرے دادا کی عمر اسی سال ہے۔	My grandfather is eighty years old.
دوپہر کو مجھے بہت بھوک لگتی ہے۔	I get very hungry in the afternoon.
اسکول میں ہم عربی زبان پڑھتے ہیں۔	We study the Arab language at school.
اگلے چوک سے گاڑی بائیں طرف موڑ دو۔	Turn the car to the left at the next square.
وہ ہر شام گھر پر گٹار بجاتا ہے۔	He plays the guitar at home every evening.
رات کو آسمان پر ستارے چمکتے ہیں۔	Stars sparkle in the sky at night.
میرے ابا ہر صبح اخبار پڑھتے ہیں۔	My father reads the newspaper every morning.
ماں مسالے پیس کر سالن بناتی ہیں۔	Mother grinds spices and makes curry.
اس نے میری غلطی کو معاف کر دیا۔	He forgave my mistake.
ہم نے ٹوٹی ہوئی کرسی کو جوڑ دیا۔	We joined the broken chair together.
بچے نے دو ٹکڑے جوڑ کر ایک تصویر بنائی۔	The child joined two pieces to make a picture.
اس شہر کی پہچان اس کے باغ ہیں۔	This city's identity is its gardens.
بارش کی وجہ سے ہمیں دیر ہو گئی۔	We were late because of the rain.
استاد کے پاس بہت سی کتابیں ہیں۔	The teacher has many books near him.
بچے ڈھول بجا کر خوشی منا رہے ہیں۔	The children are celebrating by playing the drum.
میرا بھائی ہر روز پیانو بجاتا ہے۔	My brother plays the piano every day.
اسے عربی کھانا بہت پسند ہے۔	He likes Arab food very much.
ماں ہر روز تازہ مسالا پیستی ہیں۔	Mother grinds fresh spices every day.
اس نے دروازے کی گھنٹی زور سے بجائی۔	He rang the doorbell loudly.
اسکول میں ہر صبح گھنٹی بجائی جاتی ہے۔	The bell is rung at school every morning.
ماں کل گندم پیس رہی تھیں۔	Mother was grinding wheat yesterday.
میرے پاس صرف اسی روپے ہیں۔	I have only eighty rupees.
آپ کی غلطی معاف ہے، فکر مت کرو۔	Your mistake is forgiven; don't worry.
بند دروازے کے پیچھے کون ہے؟	Who is behind the closed door?
ہر انسان انصاف چاہتا ہے۔	Every person wants justice.
یہ کمبل بہت نرم اور گرم ہے۔	This blanket is very soft and warm.
وہ بالکل پاس بیٹھا تھا۔	He was sitting very near.
ماں نے نمک پیس کر سالن میں ڈالا۔	Mother ground the salt and put it in the curry.
مجھے یقین ہے کہ وہ کل ضرور آئے گا۔	I am sure that he will definitely come tomorrow.
اس نے اپنے سفر کا حال بیان کیا۔	He described the story of his journey.
ہم نے غریبوں کے لیے پیسے جمع کیے۔	We collected money for the poor.
میں ہر مہینے بینک میں پیسے جمع کرتا ہوں۔	I deposit money in the bank every month.
استاد نے کلاس میں تمہارا ذکر کیا۔	The teacher mentioned you in class.
مجھے آج بہت تھکاوٹ محسوس ہو رہی ہے۔	I am feeling very tired today.
شام کو سب لوگ پارک میں جمع ہوئے۔	In the evening everyone gathered in the park.
مجھے اس کی بات بہت برا لگی۔	I felt bad about what he said.
ماں نے مرچ پیس کر چٹنی بنائی۔	Mother ground chillies and made chutney.
سونے سے پہلے چراغ بجھا دو۔	Put out the lamp before sleeping.
وہ لڑکی بہت زور سے ہنس رہی تھی۔	That girl was laughing very loudly.
بچے لطیفہ سن کر ہنس پڑے۔	The children burst out laughing at the joke.
وہ سیڑھیوں سے نیچے آ گیا۔	He came down the stairs.
نیچے مت دیکھو، اوپر دیکھو۔	Don't look down, look up.
لڑکا کی جمع لڑکے ہے۔	The plural of "larka" is "larke".
مجھے آج سردی محسوس ہو رہی ہے۔	I am feeling cold today.
اس نے پانی ڈال کر آگ بجھائی۔	He put out the fire by pouring water.
جھیل میں ایک سفید ہنس تیر رہا ہے۔	A white swan is swimming in the lake.
ماں نے چینی پیس کر حلوے میں ڈالی۔	Mother ground the sugar and put it in the halwa.
یہ دوا سر درد کے لیے بہت موثر ہے۔	This medicine is very effective for headaches.
ڈاکٹر نے ایک موثر علاج بتایا۔	The doctor suggested an effective treatment.
باغ میں ایک چھوٹا سا کیڑا ہے۔	There is a small insect in the garden.
کیڑے نے درخت کا ایک پتا کھا لیا۔	The insect ate a leaf of the tree.
میرے گھر سے دفتر کا فاصلہ بہت کم ہے۔	The distance from my house to the office is very short.
دونوں شہروں کے درمیان فاصلہ زیادہ نہیں ہے۔	The distance between the two cities is not great.
میز اور کرسی کے درمیان ایک بلی ہے۔	There is a cat between the table and the chair.
دو گھروں کے درمیان ایک بڑا درخت ہے۔	There is a big tree between the two houses.
امی آج مرغی کا سالن بنا رہی ہیں۔	Mum is making chicken curry today.
مجھے دال کا سالن بہت پسند ہے۔	I really like lentil curry.
میری ماں ہر روز کھانا پکاتی ہیں۔	My mother cooks food every day.
کیا تم چاول پکانا جانتے ہو؟	Do you know how to cook rice?
میرے چچا لاہور میں رہتے ہیں۔	My uncle lives in Lahore.
چچا ہمارے لیے مٹھائی لائے۔	Uncle brought sweets for us.
امتحان کی وجہ سے اسے بہت پریشانی ہے۔	He is very worried because of the exam.
بارش سے میرے کپڑے تر ہو گئے۔	My clothes got soaked in the rain.
بچے کا چہرہ آنسوؤں سے تر تھا۔	The child's face was wet with tears.
آج رات میں چاول پکاؤں گا۔	Tonight I will cook rice.
وہ مچھلی بہت اچھی پکاتی ہے۔	She cooks fish very well.
یہ نقصان بہت بڑا ہے۔	This loss is very big.
طوفان کے بعد لوگوں نے اپنا نقصان دیکھا۔	After the storm people looked at their losses.
دنیا بہت بڑی ہے۔	The world is very big.
وہ پوری دنیا گھومنا چاہتا ہے۔	He wants to travel the whole world.
میرا اس معاملے سے کوئی تعلق نہیں۔	I have nothing to do with this matter.
کھانے کے دوران فون مت دیکھو۔	Don't look at your phone during the meal.
یہ کتاب اچھی ہے، ہے نا؟	This book is good, isn't it?
تم کل آؤ گے نا؟	You'll come tomorrow, won't you?
زیادہ تر لوگ صبح کام پر جاتے ہیں۔	Most people go to work in the morning.
کل رات کی پارٹی بہت اچھی تھی۔	Last night's party was very good.
استاد صاحب نے کیا فرمایا؟	What did the teacher say?
اس کمرے میں تین مرد بیٹھے ہیں۔	Three men are sitting in this room.
عوام نئی سڑک سے خوش ہیں۔	The public is happy with the new road.
میرے ابو ڈاکٹر ہیں۔	My dad is a doctor.
مجھے یقین ہے کہ وہ آئے گا۔	I am sure that he will come.
یہ گھڑی اب ٹھیک ہے۔	This watch is fine now.
میں روز آٹھ گھنٹے سوتا ہوں۔	I sleep eight hours every day.
سال میں بارہ مہینے ہوتے ہیں۔	There are twelve months in a year.
میری بہن سولہ سال کی ہے۔	My sister is sixteen years old.
اس کلاس میں سولہ بچے ہیں۔	There are sixteen children in this class.
اس کا بیٹا اب جوان ہو گیا ہے۔	His son has grown up now.
دوست نے مجھے اچھا مشورہ دیا۔	My friend gave me good advice.
بچوں کے سونے کے بعد ماں کو چین ملا۔	After the children fell asleep, the mother found some peace.
مجھے اپنی غلطی کا احساس ہے۔	I realise my mistake.
تم پاگل ہو کیا؟	Are you crazy?
میں کبھی کبھی فلم دیکھتا ہوں۔	I sometimes watch a film.
کبھی کبھی یہاں بہت بارش ہوتی ہے۔	Sometimes it rains a lot here.
دوا کا اثر جلدی ہوا۔	The medicine took effect quickly.
میرا گھر یہاں سے دو میل دور ہے۔	My house is two miles from here.
میں نے گاڑی ٹھیک کروائی۔	I had the car repaired.
استاد نے کتابیں بچوں میں تقسیم کیں۔	The teacher handed out the books among the children.
تمہارا اندازہ بالکل صحیح تھا۔	Your guess was exactly right.
کلاس کے پچاس فیصد بچے لڑکیاں ہیں۔	Fifty percent of the children in the class are girls.
یہ شہر ملک کے جنوبی حصے میں ہے۔	This city is in the southern part of the country.
وہ تیزی سے سیڑھیاں چڑھا۔	He climbed the stairs quickly.
مجھے اس کتاب کے متعلق بتاؤ۔	Tell me about this book.
اتحاد میں طاقت ہے۔	There is strength in unity.
آج بارش کا امکان ہے۔	There is a chance of rain today.
اس کے جیتنے کا امکان کم ہے۔	His chance of winning is low.
میرے چچا کا اپنا کاروبار ہے۔	My uncle has his own business.
یہاں اپنے دستخط کریں۔	Sign here, please.
میں اس کی محنت سے بہت متاثر ہوا۔	I was very impressed by his hard work.
اس کی آواز میں جادو ہے۔	There is magic in her voice.
دوسروں کی مدد کرنا انسانیت ہے۔	Helping others is what humanity means.
کل ہمارا ریاضی کا ٹیسٹ ہے۔	Tomorrow we have a maths test.
چاہے بارش ہو، میں آؤں گا۔	Even if it rains, I will come.
مجھے اس کی بات بری لگی۔	What he said upset me.
جھوٹ بولنا بری عادت ہے۔	Lying is a bad habit.
میری پیدائش لاہور میں ہوئی۔	I was born in Lahore.
گرمی کی شدت بڑھ رہی ہے۔	The heat is getting more intense.
نئی ٹیکنالوجی نے زندگی آسان کر دی۔	New technology has made life easy.
یہ عمارت پچھلی صدی میں بنی تھی۔	This building was built in the last century.
یہ آلہ پانی گرم کرتا ہے۔	This device heats water.
اس نے حساب غلط کیا۔	He got the sum wrong.
مجھے اپنے خرچے کا حساب رکھنا ہے۔	I have to keep an account of my spending.
دادا جان روز ریڈیو سنتے ہیں۔	Grandfather listens to the radio every day.
یہ ریڈیو بہت پرانا ہے۔	This radio is very old.
اس نے کرکٹ کا نیا بلا خریدا۔	He bought a new cricket bat.
کل میرا نوکری کا انٹرویو ہے۔	Tomorrow I have a job interview.
پہاڑ شہر کے شمال میں ہیں۔	The mountains are to the north of the city.
یہ میرا مستقل پتہ ہے۔	This is my permanent address.
ہمارا اسکول بہت منظم ہے۔	Our school is very well organised.
وہ ہماری ٹیم کا نیا ممبر ہے۔	He is the new member of our team.
اس کلب کے سو ممبر ہیں۔	This club has a hundred members.
ابو میری بات پر راضی ہو گئے۔	Dad agreed to what I said.
اس کام کا کوئی فائدہ نہیں۔	There is no point in this work.
بچے بہت جوش سے کھیل رہے تھے۔	The children were playing with great enthusiasm.
میں تمہارا انتظار کر رہا ہوں۔	I am waiting for you.
اپنی صحت کا دھیان رکھنا۔	Take care of your health.
یہ بیج بہت چھوٹے ہیں۔	These seeds are very small.
کسی کو دھکا مت دو۔	Don't push anyone.
اس گاڑی کی موٹر خراب ہے۔	This car's motor is broken.
اس نے مجھے خطرے سے آگاہ کیا۔	He warned me of the danger.
اس نے اپنا وعدہ پورا کیا۔	He kept his promise.
اس کا لہجہ بہت نرم ہے۔	Her tone is very gentle.
کمرے کا پردہ نیلا ہے۔	The curtain in the room is blue.
سچائی کبھی نہیں چھپتی۔	The truth never stays hidden.
حکیم صاحب بہت پرانے ہیں۔	The hakim has practised for a very long time.
یہ کپڑے میرے سائز کے نہیں ہیں۔	These clothes are not my size.
وقت ضائع مت کرو۔	Don't waste time.
اس کا بچ جانا ایک معجزہ تھا۔	His survival was a miracle.
یہ رسی بہت مضبوط ہے۔	This rope is very strong.
شہر میں ایک پرانا مندر ہے۔	There is an old temple in the city.
شیشہ بہت نازک ہوتا ہے۔	Glass is very fragile.
اس کپڑے کا معیار اچھا نہیں ہے۔	The quality of this cloth is not good.
کھانے پر مکھی بیٹھی ہے۔	A fly is sitting on the food.
کھانا اچھا تھا، البتہ تھوڑا ٹھنڈا تھا۔	The food was good, though a little cold.
میں آؤں گا، البتہ دیر سے۔	I will come, but late.
ملکہ نے سونے کا تاج پہنا۔	The queen wore a gold crown.
میں تھوڑی دیر کے لیے لیٹ گیا۔	I lay down for a while.
اس نے کوٹ دیوار پر لٹکایا۔	He hung the coat on the wall.
وہ ایک چھوٹے قصبے میں رہتا ہے۔	He lives in a small town.
یہ نیا طریقہ آزما کر دیکھو۔	Try out this new method.
اس نے اپنی قسمت آزمائی۔	He tried his luck.
مجھے اس کے پیسوں سے کوئی غرض نہیں۔	I have no interest in his money.
بلی نے دیوار سے چھلانگ لگائی۔	The cat jumped from the wall.
باغ کے باہر لکڑی کی باڑ ہے۔	There is a wooden fence outside the garden.
بچے کمپیوٹر پر گیم کھیل رہے ہیں۔	The children are playing a game on the computer.
اس منصوبے میں ایک خامی ہے۔	There is a flaw in this plan.
بچے بھوت سے ڈرتے ہیں۔	Children are afraid of ghosts.
یہ دھات بہت مضبوط ہے۔	This metal is very strong.
ہمارا باورچی مزیدار کھانا بناتا ہے۔	Our cook makes delicious food.
اسے اپنے بھائی سے حسد ہے۔	He is jealous of his brother.
اس کا دھیان کہیں اور تھا۔	His mind was somewhere else.
اس مہینے ہمارا خرچہ زیادہ ہوا۔	We spent more this month.
ہم نے میچ میں شکست کھائی۔	We lost the match.
اس نے اپنے غصے کا اظہار نہیں کیا۔	He did not show his anger.
محترمہ، آپ کا نام کیا ہے؟	Madam, what is your name?
استاد نے ہمارے کام کا جائزہ لیا۔	The teacher reviewed our work.
گھر کے احاطے میں ایک درخت ہے۔	There is a tree in the courtyard of the house.
آج کی کلاس منسوخ ہو گئی ہے۔	Today's class has been cancelled.
اپنے کام پر دھیان دو۔	Pay attention to your work.
یہ کھیل بچوں میں بہت مقبول ہے۔	This game is very popular with children.
اس نے آخر کار اپنی غلطی کا اعتراف کر لیا۔	He finally admitted his mistake.
اس کھلونے میں نئی بیٹری ڈالو۔	Put a new battery in this toy.
خوبصورتی میں اس شہر کا کوئی ثانی نہیں۔	This city has no equal in beauty.
میرا دوست میرے پڑوس میں رہتا ہے۔	My friend lives in my neighbourhood.
یہ سب جھوٹ ہے۔	This is all a lie.
لمبا انتظار آخر ختم ہوا۔	The long wait finally ended.
ہمیں ہمیشہ سچائی کا ساتھ دینا چاہیے۔	We should always stand by the truth.
کھانا ضائع نہیں ہونا چاہیے۔	Food should not go to waste.
کل ملیں گے، اللہ حافظ۔	See you tomorrow, goodbye.
اللہ حافظ، اپنا خیال رکھنا۔	Goodbye, take care of yourself.
وعلیکم السلام، آپ کیسے ہیں؟	And peace be upon you, how are you?
اس نے مسکرا کر وعلیکم السلام کہا۔	He smiled and answered the greeting.
درخت کے پتے زرد ہو گئے ہیں۔	The leaves of the tree have turned yellow.
بیماری سے اس کا رنگ زرد ہو گیا۔	His face turned yellow from the illness.
اس کی توجہ کام پر نہیں ہے۔	His attention is not on the work.
کام ختم کر کے مجھے چین آیا۔	I felt at ease after finishing the work.
ہوا سے درخت ہل رہے ہیں۔	The trees are swaying in the wind.
میرا دھیان کھیل پر تھا۔	My attention was on the game.
ہم اکثر شام کو پارک میں سیر کرتے ہیں۔	We often go for a walk in the park in the evening.
سردیوں میں یہاں اکثر بارش ہوتی ہے۔	It often rains here in winter.
میری جیب میں صرف ایک سکہ ہے۔	There is only one coin in my pocket.
بچے نے زمین سے ایک پرانا سکہ اٹھایا۔	The child picked up an old coin from the ground.
دادا جان کو پرانے سکے جمع کرنے کا شوق ہے۔	Grandfather is fond of collecting old coins.
ہوائی سفر اب بہت مہنگا ہو گیا ہے۔	Air travel has become very expensive now.
ہم ہوائی جہاز سے کراچی گئے۔	We went to Karachi by plane.
اس عمارت کی لفٹ پھر خراب ہے۔	The lift in this building is broken again.
لفٹ آج کام نہیں کر رہی، سیڑھیاں استعمال کریں۔	The lift isn't working today, use the stairs.
وہ مذہب کے بارے میں ایک کتاب پڑھ رہا ہے۔	He is reading a book about religion.
اس فلم میں قیامت کا منظر ہے۔	This film has a scene of doomsday.
یہ ایک جمہوری حکومت ہے۔	This is a democratic government.
بچے پاس کھیل رہے ہیں۔	The children are playing nearby.
پادری نے بچوں کو ایک کہانی سنائی۔	The priest told the children a story.
وہ دینی کتابیں پڑھتا ہے۔	He reads religious books.
کلاس میں توجہ سے سنو۔	Listen carefully in class.
بچہ بستر پر لیٹا ہوا ہے۔	The child is lying on the bed.
اس کی کوشش کامیاب ہوئی۔	His effort was successful.
اس کی نیت اچھی ہے۔	His intention is good.
میں روزانہ اخبار پڑھتا ہوں۔	I read the newspaper daily.
استاد نے جمہوریت کا مطلب سمجھایا۔	The teacher explained the meaning of democracy.
میں مارکیٹ سے سبزی لایا۔	I brought vegetables from the market.
میز پر ایک صاف پلیٹ رکھو۔	Put a clean plate on the table.
میرے نانا گاؤں میں رہتے ہیں۔	My maternal grandfather lives in the village.
میرے خالو کراچی میں رہتے ہیں۔	My maternal aunt's husband lives in Karachi.
میری خالہ کل ہمارے گھر آئیں گی۔	My maternal aunt will come to our house tomorrow.
خالہ نے مجھے یہ کہانی سنائی۔	My maternal aunt told me this story.
میری ممانی بہت اچھا کھانا بناتی ہیں۔	My maternal uncle's wife cooks very good food.
ممانی نے مجھے ایک تحفہ دیا۔	My maternal uncle's wife gave me a gift.
میری پھوپھی گاؤں میں رہتی ہیں۔	My paternal aunt lives in the village.
پھوپھی مجھے بہت پیار کرتی ہیں۔	My paternal aunt loves me very much.
ہمارا گاؤں شہر کے شمال کی طرف ہے۔	Our village is to the north of the city.
ڈاکٹر نے مجھے شراب پینے سے منع کیا۔	The doctor told me not to drink alcohol.
